context,context_label,chinese,english,source_file:line
property_desc,属性描述,0表示每个材质一个颜色；大于0表示在N个颜色的色卡中随机挑选,0 = one color per material; greater than 0 randomly picks from an N-color palette,ops\other\other_material_dye_tool.py:62
property_desc,属性描述,0表示每个物体一个颜色；大于0表示在N个颜色的色卡中随机挑选,0 = one color per object; greater than 0 randomly picks from an N-color palette,ops\other\other_object_dye_tool.py:100
property_name,属性名,32位浮点,32-bit Float,ops\nodetree\nodetree_shader_bake_node.py:142
property_name,属性名,8位整数,8-bit Integer,ops\view3d\view3d_mesh_attribute_tool.py:9
property_name,属性名,B (蓝色),B (Blue),ops\nodetree\nodetree_color_curve_tools.py:98
property_name,属性名,C (综合),C (Combined),ops\nodetree\nodetree_color_curve_tools.py:95
property_name,属性名,G (绿色),G (Green),ops\nodetree\nodetree_color_curve_tools.py:97
property_name,属性名,R (红色),R (Red),ops\nodetree\nodetree_color_curve_tools.py:96
property_name,属性名,UV 方向,UV Direction,ops\view3d\view3d_mesh_face_loop_select.py:29
property_name,属性名,UV角度阈值,UV Angle Threshold,ops\view3d\view3d_mesh_filter_batch_selector.py:265
property_name,属性名,UV通道,UV Channel,ops\nodetree\nodetree_shader_bake_node.py:138
property_name,属性名,X 位移,X Location,ops\view3d\view3d_parent_transform.py:228
property_name,属性名,X 旋转,X Rotation,ops\view3d\view3d_parent_transform.py:229
property_name,属性名,X 缩放,X Scale,ops\view3d\view3d_parent_transform.py:230
property_name,属性名,Y 位移,Y Location,ops\view3d\view3d_parent_transform.py:234
property_name,属性名,Y 旋转,Y Rotation,ops\view3d\view3d_parent_transform.py:235
property_name,属性名,Y 缩放,Y Scale,ops\view3d\view3d_parent_transform.py:236
property_name,属性名,Z 位移,Z Location,ops\view3d\view3d_parent_transform.py:240
property_name,属性名,Z 旋转,Z Rotation,ops\view3d\view3d_parent_transform.py:241
property_name,属性名,Z 缩放,Z Scale,ops\view3d\view3d_parent_transform.py:242
draw_label,Panel 标签,[build] 打包高级选项:,[build] Build Advanced Options:,ops\other\other_addon_pack.py:603
draw_label,Panel 标签,[permissions] 插件权限声明:,[permissions] Permission Declarations:,ops\other\other_addon_pack.py:595
error_prefix,错误前缀,[命令输出],[Command Output],ops\other\other_addon_pack.py:67
error_prefix,错误前缀,[命令错误],[Command Error],ops\other\other_addon_pack.py:69
report,报告消息,__init__.py 文件不存在,__init__.py not found,ops\other\other_addon_pack.py:49
report,报告消息,blender_manifest.toml 文件不存在，请先生成,"blender_manifest.toml not found, please generate first",ops\other\other_addon_pack.py:52
draw_label,Panel 标签,“一切功能服务于对原生功能的【体验优化】及【功能延展】”,"""Every feature serves to optimize and extend the native experience""",addon_prefs.py:12
draw_label,Panel 标签,“一切按钮只出现的原生面板上它该出现的地方”,"""Every button appears only where it belongs in native panels""",addon_prefs.py:13
report,报告消息,⚠️ 请先设置两个控制点,Please set two control points first,ops\nodetree\nodetree_convert_image_to_gradient.py:716
report,报告消息,⚠️ 采样点已达上限32个,Sample points reached max of 32,ops\nodetree\nodetree_convert_image_to_gradient.py:889
report,报告消息,✅ 已生成 16 个均匀采样点,Generated 16 evenly-spaced sample points,ops\nodetree\nodetree_convert_image_to_gradient.py:764
report,报告消息,✅ 已生成 32 个均匀采样点（上限）,Generated 32 evenly-spaced sample points (max),ops\nodetree\nodetree_convert_image_to_gradient.py:771
report,报告消息,✅ 已生成 4 个均匀采样点,Generated 4 evenly-spaced sample points,ops\nodetree\nodetree_convert_image_to_gradient.py:750
report,报告消息,✅ 已生成 8 个均匀采样点,Generated 8 evenly-spaced sample points,ops\nodetree\nodetree_convert_image_to_gradient.py:757
report,报告消息,✅ 自动采样完成：精简为8个采样点,Auto-sampling done: simplified to 8 sample points,ops\nodetree\nodetree_convert_image_to_gradient.py:714
report,报告消息,✅ 采样点已均匀分布,Sample points evenly distributed,ops\nodetree\nodetree_convert_image_to_gradient.py:732
property_name,属性名,【↔】X 偏移 (+),X Offset (+),ops\nodetree\nodetree_color_curve_tools.py:408
property_name,属性名,【↔】X 缩放 (*),X Scale (*),ops\nodetree\nodetree_color_curve_tools.py:407
property_name,属性名,【↔】钳制 X (0-1),Clamp X (0-1),ops\nodetree\nodetree_color_curve_tools.py:409
property_name,属性名,【↕】Y 偏移 (+),Y Offset (+),ops\nodetree\nodetree_color_curve_tools.py:412
property_name,属性名,【↕】Y 缩放 (*),Y Scale (*),ops\nodetree\nodetree_color_curve_tools.py:411
property_name,属性名,【↕】钳制 Y (0-1),Clamp Y (0-1),ops\nodetree\nodetree_color_curve_tools.py:413
button_text,Operator 按钮文本,【开发者工具】获取活动节点详情信息,[Dev Tool] Get Active Node Details,menu\nodetree_mt.py:27; menu\nodetree_mt.py:27
property_desc,属性描述,一般使用默认插件类型即可,Default add-on type is recommended,ops\other\other_addon_pack.py:159
button_text,Operator 按钮文本,一键打包,One-Click Pack,menu\developer_tools_pt.py:31; menu\developer_tools_pt.py:31; ops\other\other_addon_pack.py:32
button_text,Operator 按钮文本,一键文件输出,One-Click File Output,ops\nodetree\nodetree_compositor_add_output_node.py:7
property_name,属性名,三维模式下的新建内容,New Content in 3D Mode,ops\nodetree\nodetree_image_and_clipboard.py:94
property_name,属性名,三维矢量,3D Vector,ops\view3d\view3d_mesh_attribute_tool.py:12
draw_label,Panel 标签,三维视口界面，新增更多程序化几何体至 ShiftA新建菜单,3D Viewport: adds more procedural meshes to the Shift+A Add menu,addon_prefs.py:19
draw_label,Panel 标签,三维视口界面，新增更多融并工具至 编辑模式 M融并菜单,3D Viewport: adds more merge tools to the Edit Mode M Merge menu,addon_prefs.py:20
draw_label,Panel 标签,三维视口界面，新增更多选择工具至 物体/编辑模式 选择菜单,3D Viewport: adds more selection tools to the Object/Edit Mode Select menus,addon_prefs.py:21
property_name,属性名,三角面,Triangle Face,ops\view3d\view3d_mesh_topology_hud.py:134
property_desc,属性描述,下一组开头相对于上一组结尾的偏移帧数（负值=重叠，0=首尾相连，正值=间隔）,"Offset from previous group end to next group start (negative=overlap, 0=butt-join, positive=gap)",ops\sequencer\sequencer_stack_strips.py:15
button_text,Operator 按钮文本,与我们汇聚,Join Us,addon_prefs.py:69; addon_prefs.py:69
property_name,属性名,世界角度阈值,World Angle Threshold,ops\view3d\view3d_mesh_filter_batch_selector.py:263
property_desc,属性描述,两条边最近距离小于此值即视为相交打断,Edges are split where the closest distance between them is below this value,ops\view3d\view3d_mesh_intersect_edges.py:74
button_text,Operator 按钮文本,中文,Chinese,scripts\extract_translations.py:63; scripts\extract_translations.py:77; scripts\extract_translations.py:96; scripts\extract_translations.py:100; scripts\extract_translations.py:124
button_text,Operator 按钮文本,临时吸管,Temporary Eyedropper,ops\other\other_developer_panel_picker.py:142
draw_label,Panel 标签,主要功能包括不限于：,Main features include but are not limited to:,addon_prefs.py:16
property_name,属性名,二维矢量,2D Vector,ops\view3d\view3d_mesh_attribute_tool.py:11
button_text,Operator 按钮文本,交换位置,Swap Positions,menu\sequencer_mt.py:18; menu\sequencer_mt.py:18; ops\sequencer\sequencer_swap_strips.py:9
property_name,属性名,交点容差,Intersection Tolerance,ops\view3d\view3d_mesh_intersect_edges.py:74
button_text,Operator 按钮文本,交点打断,Intersect Edges,ops\view3d\view3d_mesh_intersect_edges.py:69
property_name,属性名,交点融并,Merge Intersections,ops\view3d\view3d_mesh_intersect_edges.py:77
property_name,属性名,仅写入所选,Selected Only,ops\view3d\view3d_mesh_attribute_tool.py:26
property_name,属性名,仅应用所选,Selected Only,ops\view3d\view3d_mesh_vertex_color_tool.py:69
property_name,属性名,仅目录,Directories Only,ops\filebrowser\filebrowser_file_tools.py:187
property_name,属性名,仅移除不可见修改器,Remove Hidden Modifiers Only,ops\view3d\view3d_obj_modifier_tools.py:55
property_name,属性名,仅色相随机,Hue Only Random,ops\other\other_material_dye_tool.py:65
property_desc,属性描述,仅重命名匹配的文件，如 *.png,"Only rename matching files, e.g. *.png",ops\filebrowser\filebrowser_file_tools.py:48
button_text,Operator 按钮文本,从剪贴板创建颜色渐变条,Create Color Ramp from Clipboard,menu\nodetree_add_mt.py:22; menu\nodetree_add_mt.py:22
button_text,Operator 按钮文本,从剪贴板图像生成渐变,Generate Gradient from Clipboard,ops\nodetree\nodetree_convert_image_to_gradient.py:986
button_text,Operator 按钮文本,从剪贴板粘贴图像到所选节点,Paste Image from Clipboard to Selected Node,menu\nodetree_mt.py:75; menu\nodetree_mt.py:75
property_desc,属性描述,从起始边向外延伸的边数 (0为仅选中当前边),Number of edges to extend from the start edge (0 = current edge only),ops\view3d\view3d_mesh_select_nonmanifold_edge_loop.py:92; ops\view3d\view3d_mesh_select_nonmanifold_edge_loop.py:229
button_text,Operator 按钮文本,以视口设置法向,Set Normals by Viewport,ops\view3d\view3d_mesh_flip_normals_by_view.py:10
button_text,Operator 按钮文本,优化加速,Optimize & Cleanup,ops\other\other_system_optimization.py:43
draw_label,Panel 标签,优化加速会尽可能的帮助您清理本文件的可清理缓存，包括：,"Cleanup will try to clear caches in this file, including:",ops\other\other_system_optimization.py:140
property_name,属性名,优化排序,Optimized Ordering,ops\other\other_object_dye_tool.py:274
property_name,属性名,优化显示,Optimized Display,ops\other\other_object_dye_tool.py:182
property_name,属性名,伽马空间混合,Gamma Space Mix,ops\nodetree\nodetree_color_ramp_tools.py:427
button_text,Operator 按钮文本,位移,Location,ops\view3d\view3d_parent_transform.py:219; ops\view3d\view3d_parent_transform.py:219
property_name,属性名,位置,Location,ops\view3d\view3d_cursor_to_selected.py:114
property_name,属性名,作用范围,Scope,ops\view3d\view3d_obj_modifier_tools.py:50
property_desc,属性描述,使用 1.0.0即可，否则可能影响打包,Use 1.0.0; other values may break packaging,ops\other\other_addon_pack.py:150
property_name,属性名,使用其他UV通道,Use Other UV Channel,ops\nodetree\nodetree_shader_bake_node.py:137
property_name,属性名,使用场景帧,Use Scene Frame,ops\other\other_background_render.py:174
property_name,属性名,使用场景帧信息,Use Scene Frame Info,ops\other\other_background_render.py:207
property_desc,属性描述,使用场景当前帧信息进行渲染,Use the scene's current frame for rendering,ops\other\other_background_render.py:174
property_desc,属性描述,使用场景设置的输出路径,Use the scene's configured output path,ops\other\other_background_render.py:183
property_name,属性名,使用场景输出路径,Use Scene Output Path,ops\other\other_background_render.py:183; ops\other\other_background_render.py:218
property_name,属性名,使用最小边界框,Use Minimal Bounding Box,ops\outliner\outliner_collection_instance.py:15
property_name,属性名,使用正则,Use Regex,ops\filebrowser\filebrowser_file_tools.py:37
property_name,属性名,使用源通道,Use Source Channel,ops\nodetree\nodetree_color_curve_tools.py:281
button_text,Operator 按钮文本,依据图像生成渐变,Generate Gradient from Image,ops\nodetree\nodetree_convert_image_to_gradient.py:966
button_text,Operator 按钮文本,依据图像生成渐变基类,Image to Gradient (Base),ops\nodetree\nodetree_convert_image_to_gradient.py:292
property_name,属性名,侧向滑动,Side Slide,ops\view3d\view3d_mesh_edge_loop_select.py:48
draw_label,Panel 标签,便捷工具,Quick Tools,menu\texteditor_mt.py:46
button_text,Operator 按钮文本,保存当前渐变,Save Current Gradient,ops\nodetree\nodetree_ramp_library.py:512; ops\nodetree\nodetree_ramp_library.py:542
button_text,Operator 按钮文本,保存渐变预设,Save Gradient Preset,ops\nodetree\nodetree_ramp_library.py:297
button_text,Operator 按钮文本,保存预设,Save Preset,ops\other\other_addon_filter.py:68
property_name,属性名,保留扩展名,Keep Extension,ops\filebrowser\filebrowser_file_tools.py:46
button_text,Operator 按钮文本,修复应用后的旋转（适合曲面）,Fix Applied Rotation (Curved),ops\view3d\view3d_fix_applied_rotation.py:267
button_text,Operator 按钮文本,修复应用后的旋转（适合硬表面）,Fix Applied Rotation (Hard Surface),ops\view3d\view3d_fix_applied_rotation.py:328
property_name,属性名,修改器,Modifier,ops\view3d\view3d_obj_filter_batch_selector.py:67
property_name,属性名,修改器过滤,Modifier Filter,ops\view3d\view3d_obj_modifier_tools.py:30
button_text,Operator 按钮文本,修改实例原点,Adjust Instance Origin,ops\outliner\outliner_collection_instance.py:293; ops\outliner\outliner_collection_instance.py:417
draw_label,Panel 标签,偏好设置界面，新增更多开发工具至底部 开发者工具 界面,Preferences: adds more dev tools to the Developer Tools section,addon_prefs.py:24
draw_label,Panel 标签,偏移控制:,Offset Control:,ops\view3d\view3d_mesh_edge_loop_select.py:75; ops\view3d\view3d_mesh_face_loop_select.py:76
button_text,Operator 按钮文本,停止,Stop,ops\view3d\view3d_mesh_topology_hud.py:949
draw_label,Panel 标签,共享开发指南、性能优化方案及已知常见 Bug 库,"Shared dev guides, performance optimizations, and a known-bug library",addon_prefs.py:59
property_name,属性名,关键词,Keyword,ops\view3d\view3d_obj_filter_batch_selector.py:54
button_text,Operator 按钮文本,关闭过滤,Disable Filter,ops\other\other_addon_filter.py:144
button_text,Operator 按钮文本,内存优化,Memory Cleanup,menu\blender_mt_custom.py:217; menu\blender_mt_custom.py:217
button_text,Operator 按钮文本,写入全部,Write All,ops\view3d\view3d_mesh_attribute_tool.py:173; ops\view3d\view3d_mesh_attribute_tool.py:173; ops\view3d\view3d_mesh_vertex_color_tool.py:222; ops\view3d\view3d_mesh_vertex_color_tool.py:222
button_text,Operator 按钮文本,写入属性,Write Attribute,ops\view3d\view3d_mesh_attribute_tool.py:21
button_text,Operator 按钮文本,写入所选,Write Selected,ops\view3d\view3d_mesh_attribute_tool.py:175; ops\view3d\view3d_mesh_attribute_tool.py:175; ops\view3d\view3d_mesh_vertex_color_tool.py:224; ops\view3d\view3d_mesh_vertex_color_tool.py:224
property_desc,属性描述,决定镜像平面的中心位置,Determines the center of the mirror plane,ops\view3d\view3d_obj_mirror.py:134
property_desc,属性描述,决定镜像平面的旋转朝向,Determines the orientation of the mirror plane,ops\view3d\view3d_obj_mirror.py:121
report,报告消息,出现了BUG，已安全退出,"Bug detected, safely exited",ops\nodetree\nodetree_convert_image_to_gradient.py:959
property_name,属性名,分辨率,Resolution,ops\nodetree\nodetree_shader_bake_node.py:129
button_text,Operator 按钮文本,切换标题栏显示,Toggle Header Display,ops\filebrowser\filebrowser_jump_to_active_folder.py:50
button_text,Operator 按钮文本,切换过滤,Toggle Filter,ops\other\other_addon_filter.py:16
property_name,属性名,划界,Boundary,ops\view3d\view3d_mesh_custom_island_expand.py:44
button_text,Operator 按钮文本,创建空物体 (支持修饰键),Add Empty (Modifier Keys),ops\outliner\outliner_empty_and_lock.py:39
button_text,Operator 按钮文本,创建空物体组,Create Empty Group,menu\outliner_mt.py:10; menu\outliner_mt.py:10; ops\outliner\outliner_create_empty_group.py:8
button_text,Operator 按钮文本,删除,Delete,ops\other\other_addon_filter.py:124; ops\view3d\view3d_collection_visibility.py:64
button_text,Operator 按钮文本,删除卡片,Delete Card,ops\view3d\view3d_mesh_filter_batch_selector.py:146; ops\view3d\view3d_obj_filter_batch_selector.py:172
report,报告消息,删除所选筛查卡片,Delete selected filter card,ops\view3d\view3d_obj_filter_batch_selector.py:179
draw_label,Panel 标签,删除点,Delete Point,ops\nodetree\nodetree_convert_image_to_gradient.py:284
draw_label,Panel 标签,删除采样点,Delete Sample Point,ops\nodetree\nodetree_convert_image_to_gradient.py:271
button_text,Operator 按钮文本,删除预设,Delete Preset,ops\nodetree\nodetree_ramp_library.py:365
draw_label,Panel 标签,别把生命浪费在已知问题上，让我们聚焦真正的功能创新,Don't waste life on known problems; focus on real innovation,addon_prefs.py:60
button_text,Operator 按钮文本,刷新插件,Reload Addon,addon_prefs.py:165; addon_prefs.py:165
button_text,Operator 按钮文本,刷新绑定 (若集合内新增了对象请点击),Refresh Bindings (Click if objects added to collection),ops\view3d\view3d_collection_visibility.py:77
property_name,属性名,前缀,Prefix,ops\filebrowser\filebrowser_file_tools.py:40
property_name,属性名,剪贴板,Clipboard,ops\other\other_addon_pack.py:223
report,报告消息,剪贴板中没有有效的图像数据或粘贴失败,No valid image data in clipboard or paste failed,ops\nodetree\nodetree_image_and_clipboard.py:109; ops\nodetree\nodetree_image_and_clipboard.py:205
report,报告消息,剪贴板中没有有效的数据,No valid data in clipboard,ops\view3d\view3d_obj_elements_clipboard.py:173
report,报告消息,剪贴板中没有有效的曲线数据,No valid curve data in clipboard,ops\nodetree\nodetree_color_curve_tools.py:304
report,报告消息,剪贴板中没有有效的渐变数据,No valid gradient data in clipboard,ops\nodetree\nodetree_color_ramp_tools.py:499
report,报告消息,剪贴板无图像,No image in clipboard,ops\nodetree\nodetree_convert_image_to_gradient.py:994
other,其他,剪贴板渐变,Clipboard Gradient,ops\nodetree\nodetree_convert_image_to_gradient.py:621
button_text,Operator 按钮文本,功能介绍,Feature Overview,addon_prefs.py:31; addon_prefs.py:31
draw_label,Panel 标签,功能补充中,Feature Coming Soon,menu\view3d_mt.py:12
property_desc,属性描述,加载时执行 chcp 65001 切换控制台编码为 UTF-8，避免中文日志乱码（仅 Windows）,"Runs chcp 65001 at load to switch console encoding to UTF-8, avoiding garbled Chinese logs (Windows only)",addon_prefs.py:135
draw_label,Panel 标签,动画预览缓存、剪辑代理缓存、图像缓存、Python垃圾回收,"Animation preview cache, clip proxy cache, image cache, Python garbage collection",ops\other\other_system_optimization.py:144
property_desc,属性描述,勾选后，仅移除在视图中被隐藏的修改器,"When checked, only removes modifiers that are hidden in the viewport",ops\view3d\view3d_obj_modifier_tools.py:56
property_desc,属性描述,勾选启用后，在渲染单帧图像时，也自动保存到输出目录,"When enabled, also auto-saves single-frame renders to the output directory",ops\other\other_auto_save_render.py:96
property_desc,属性描述,勾选时步长自动依据每个顶层父级的最大子级层数计算，顶层为1、底层为0.4,"When checked, the step is auto-calculated from each top-level parent's max child depth (top=1, bottom=0.4)",ops\other\other_object_dye_tool.py:182
property_name,属性名,包含,Contains,ops\view3d\view3d_obj_filter_batch_selector.py:251
property_name,属性名,包含路径,Include Paths,ops\other\other_addon_pack.py:235
property_name,属性名,区分大小写,Case Sensitive,ops\filebrowser\filebrowser_file_tools.py:38
button_text,Operator 按钮文本,单帧自动保存,Single-Frame Auto Save,ops\other\other_auto_save_render.py:69
button_text,Operator 按钮文本,卡片式高级选择器,Card-Based Advanced Selector,ops\view3d\view3d_obj_filter_batch_selector.py:187
button_text,Operator 按钮文本,压实轨道,Compact Channels,ops\sequencer\sequencer_compact_channels.py:8
button_text,Operator 按钮文本,去除行尾空白,Remove Trailing Spaces,menu\texteditor_mt.py:41; menu\texteditor_mt.py:41; ops\texteditor\texteditor_editing_tool.py:98
button_text,Operator 按钮文本,双色标,Double Stops,menu\nodetree_mt.py:117; menu\nodetree_mt.py:117; ops\nodetree\nodetree_color_ramp_tools.py:78
property_name,属性名,反向,Invert,ops\view3d\view3d_mesh_filter_batch_selector.py:69
button_text,Operator 按钮文本,反向堆叠,Stack Reverse,ops\sequencer\sequencer_stack_simple.py:38
button_text,Operator 按钮文本,反色色标颜色,Invert Stop Colors,menu\nodetree_mt.py:116; menu\nodetree_mt.py:116
button_text,Operator 按钮文本,反色颜色,Invert Colors,ops\nodetree\nodetree_color_ramp_tools.py:64
button_text,Operator 按钮文本,反转过滤,Invert Filter,ops\other\other_addon_filter.py:37
button_text,Operator 按钮文本,变换曲线,Transform Curve,ops\nodetree\nodetree_color_curve_tools.py:400
report,报告消息,只有参考物体被选中，没有需要镜像的其他对象,Only the reference object is selected; no other objects to mirror,ops\view3d\view3d_obj_mirror.py:215
button_text,Operator 按钮文本,可视化 UV 投射,Visual UV Projection,ops\view3d\view3d_obj_visual_uv_projection.py:103; ops\view3d\view3d_obj_visual_uv_projection.py:332
status_text,状态栏文本,可视化 UV 投射 | Tab切换模式 | F适配物体 | ESC退出,Visual UV Projection | Tab switch mode | F fit object | ESC exit,ops\view3d\view3d_obj_visual_uv_projection.py:268
property_desc,属性描述,各材质槽边缘,Edges between material slots,ops\view3d\view3d_mesh_custom_island_expand.py:49
property_name,属性名,名称,Name,ops\nodetree\nodetree_ramp_library.py:302
report,报告消息,名称不能为空,Name cannot be empty,ops\nodetree\nodetree_ramp_library.py:351
property_name,属性名,名称包含,Name Contains,ops\view3d\view3d_obj_filter_batch_selector.py:230
button_text,Operator 按钮文本,后台渲染,Background Render,ops\other\other_background_render.py:162
button_text,Operator 按钮文本,后台渲染工具,Background Render Tools,ops\other\other_background_render.py:263
property_name,属性名,后缀,Suffix,ops\filebrowser\filebrowser_file_tools.py:41
button_text,Operator 按钮文本,向右堆叠,Stack Right,menu\sequencer_mt.py:15; menu\sequencer_mt.py:15
button_text,Operator 按钮文本,向右对齐,Align Right,menu\sequencer_mt.py:13; menu\sequencer_mt.py:13; ops\sequencer\sequencer_align_strips.py:32
button_text,Operator 按钮文本,向左堆叠,Stack Left,menu\sequencer_mt.py:14; menu\sequencer_mt.py:14
button_text,Operator 按钮文本,向左对齐,Align Left,menu\sequencer_mt.py:12; menu\sequencer_mt.py:12; ops\sequencer\sequencer_align_strips.py:9
button_text,Operator 按钮文本,启动 HUD,Start HUD,ops\view3d\view3d_mesh_topology_hud.py:951
button_text,Operator 按钮文本,启用WIN文件夹快速跳转栏,Enable Windows Folder Quick-Jump Bar,menu\filebrowser_mt.py:45; menu\filebrowser_mt.py:45
property_name,属性名,启用单帧自动保存,Enable Single-Frame Auto Save,ops\other\other_auto_save_render.py:84
property_desc,属性描述,启用后展开列表详细设置,Expand detail settings when enabled,ops\nodetree\nodetree_ramp_library.py:450
property_desc,属性描述,启用后，仅在渲染期间自动开启背景透明，渲染结束后自动恢复,"When enabled, auto-enables transparent background during render only, restoring after render",ops\other\other_deferred_transparent.py:38
property_desc,属性描述,启用时根据排序序号染色，否则根据真实比例染色,"Color by sort order when enabled, otherwise by real proportion",ops\other\other_object_dye_tool.py:274
property_desc,属性描述,启用时颜色在HSV的H等距排布，S和V为1，实现亮纯色随机,"When enabled, colors are evenly spaced in HSV hue with S/V at 1, producing bright pure random colors",ops\other\other_material_dye_tool.py:65; ops\other\other_object_dye_tool.py:103
property_name,属性名,启用正则匹配,Enable Regex Matching,ops\view3d\view3d_mesh_filter_batch_selector.py:38
property_desc,属性描述,启用虚拟边界划分网格为多个孤岛，在孤岛内加选或减选,Enable virtual boundaries to split the mesh into islands for adding/removing selection within an island,ops\view3d\view3d_mesh_custom_island_expand.py:44
property_name,属性名,启用通配符匹配,Enable Wildcard Matching,ops\view3d\view3d_mesh_filter_batch_selector.py:42
button_text,Operator 按钮文本,哔哩哔哩,Bilibili,addon_prefs.py:35; addon_prefs.py:35
property_name,属性名,四元数旋转,Quaternion Rotation,ops\view3d\view3d_cursor_to_selected.py:117
property_desc,属性描述,图像编辑器可执行文件路径,Path to image editor executable,ops\nodetree\nodetree_open_in_external_editor.py:132
report,报告消息,图像预览结束,Image preview ended,ops\nodetree\nodetree_preview_selected_image.py:191
property_name,属性名,图片格式,Image Format,ops\nodetree\nodetree_compositor_bake_node.py:94
property_name,属性名,圆点半径,Dot Radius,ops\view3d\view3d_mesh_topology_hud.py:126
property_desc,属性描述,在 3D 视图中为拥有子集的空物体显示边界框线框,Show bounding box wireframe for empties with children in the 3D viewport,addon_prefs.py:126
property_name,属性名,在三角面前停止,Stop Before Triangles,ops\view3d\view3d_mesh_select_nonmanifold_face_loop.py:86
button_text,Operator 按钮文本,在内部编辑器打开图像,Open Image in Internal Editor,menu\nodetree_mt.py:77; menu\nodetree_mt.py:77; ops\nodetree\nodetree_open_in_external_editor.py:45
button_text,Operator 按钮文本,在外部编辑器打开图像,Open Image in External Editor,menu\nodetree_mt.py:78; menu\nodetree_mt.py:78; ops\nodetree\nodetree_open_in_external_editor.py:129
property_desc,属性描述,在此处输入您想要的文本（支持多语言）,Enter desired text here (multilingual supported),ops\texteditor\texteditor_editing_tool.py:474
property_desc,属性描述,在每两个点之间插入的段数,Number of segments inserted between each pair of points,ops\nodetree\nodetree_color_curve_tools.py:650
property_desc,属性描述,在渲染中隐藏集合的子集对象\n可设置关键帧,Hide collection children in render\n(keyframeable),ops\view3d\view3d_collection_visibility.py:49
property_name,属性名,在渲染禁用,Disable in Render,ops\view3d\view3d_collection_visibility.py:49
property_desc,属性描述,在节点编辑器左下角显示节点树小地图预览,Show a node tree minimap preview at the bottom-left of the Node Editor,addon_prefs.py:130
property_desc,属性描述,在视图中隐藏集合的子集对象\n可设置关键帧,Hide collection children in viewport\n(keyframeable),ops\view3d\view3d_collection_visibility.py:47
property_name,属性名,在视图禁用,Disable in Viewport,ops\view3d\view3d_collection_visibility.py:47
property_desc,属性描述,在这里签署你的大名,Sign your name here,ops\other\other_addon_pack.py:144
property_name,属性名,在锐边处停止,Stop at Sharp Edges,ops\view3d\view3d_mesh_select_nonmanifold_face_loop.py:84
draw_label,Panel 标签,均匀分布,Even Distribution,ops\nodetree\nodetree_convert_image_to_gradient.py:283
button_text,Operator 按钮文本,均匀散布,Even Spacing,ops\nodetree\nodetree_color_ramp_tools.py:109
property_name,属性名,坐标系 (朝向),Coordinate System (Orientation),ops\view3d\view3d_obj_mirror.py:120
button_text,Operator 按钮文本,垂直翻转,Flip Vertical,menu\nodetree_mt.py:161; menu\nodetree_mt.py:161
property_desc,属性描述,基于修改器后的真实网格计算边界框（较慢但极其准确）,Compute bounding box from the actual modified mesh (slower but highly accurate),ops\outliner\outliner_collection_instance.py:11
property_name,属性名,基础名称,Base Name,ops\filebrowser\filebrowser_file_tools.py:43
draw_label,Panel 标签,基础设置:,Basic Settings:,ops\view3d\view3d_mesh_edge_loop_select.py:64; ops\view3d\view3d_mesh_face_loop_select.py:65
property_name,属性名,堆叠偏移,Stack Offset,ops\sequencer\sequencer_stack_strips.py:14
button_text,Operator 按钮文本,堆叠片段（偏移）,Stack Strips (Offset),ops\sequencer\sequencer_stack_strips.py:9
property_desc,属性描述,填写可以与你进行联系的网址,Fill in a URL to contact you,ops\other\other_addon_pack.py:168
button_text,Operator 按钮文本,增量 > 位置,Delta > Location,menu\blender_mt_custom.py:156; menu\blender_mt_custom.py:156
button_text,Operator 按钮文本,增量 > 全部变换,Delta > All,menu\blender_mt_custom.py:162; menu\blender_mt_custom.py:162
button_text,Operator 按钮文本,增量 > 旋转,Delta > Rotation,menu\blender_mt_custom.py:158; menu\blender_mt_custom.py:158
button_text,Operator 按钮文本,增量 > 缩放,Delta > Scale,menu\blender_mt_custom.py:160; menu\blender_mt_custom.py:160
property_name,属性名,处理方式,Handling,ops\view3d\view3d_obj_modifier_tools.py:41
property_name,属性名,处理模式,Processing Mode,ops\nodetree\nodetree_color_ramp_tools.py:215
button_text,Operator 按钮文本,处理节点,Process Node,ops\nodetree\nodetree_compositor_bake_node.py:39
property_name,属性名,复位模式,Reset Mode,ops\view3d\view3d_parent_transform.py:154
button_text,Operator 按钮文本,复位相对变换,Reset Relative Transform,ops\view3d\view3d_parent_transform.py:143
button_text,Operator 按钮文本,复制卡片,Copy Card,ops\view3d\view3d_mesh_filter_batch_selector.py:120; ops\view3d\view3d_obj_filter_batch_selector.py:145
report,报告消息,复制图像到剪贴板失败,Failed to copy image to clipboard,ops\nodetree\nodetree_image_and_clipboard.py:323
property_name,属性名,复制方式,Copy Method,ops\view3d\view3d_obj_mirror.py:145
button_text,Operator 按钮文本,复制曲线,Copy Curve,menu\nodetree_mt.py:147; menu\nodetree_mt.py:147; ops\nodetree\nodetree_color_curve_tools.py:235
button_text,Operator 按钮文本,复制渐变,Copy Gradient,menu\nodetree_mt.py:110; menu\nodetree_mt.py:110; ops\nodetree\nodetree_color_ramp_tools.py:458
button_text,Operator 按钮文本,复制选中元素,Copy Selected Elements,menu\view3d_mt.py:21; menu\view3d_mt.py:21; ops\view3d\view3d_obj_elements_clipboard.py:54
button_text,Operator 按钮文本,复制选中节点图像到剪贴板,Copy Selected Node Image to Clipboard,menu\nodetree_mt.py:74; menu\nodetree_mt.py:74; ops\nodetree\nodetree_image_and_clipboard.py:294
property_name,属性名,复杂极点,Complex Pole,ops\view3d\view3d_mesh_topology_hud.py:150
property_name,属性名,复用材质和节点,Reuse Materials and Nodes,ops\view3d\view3d_obj_import_lib_mesh.py:19
report,报告消息,外部编辑器路径无效，请重新选择,"Invalid external editor path, please re-select",ops\nodetree\nodetree_open_in_external_editor.py:181
button_text,Operator 按钮文本,多语言输入,Multilingual Input,menu\texteditor_mt.py:48; menu\texteditor_mt.py:48; ops\texteditor\texteditor_editing_tool.py:470
property_name,属性名,多边面,N-gon Face,ops\view3d\view3d_mesh_topology_hud.py:137
button_text,Operator 按钮文本,大小写反转,Toggle Case,menu\texteditor_mt.py:36; menu\texteditor_mt.py:36
draw_label,Panel 标签,大小写编辑,Case Editing,menu\texteditor_mt.py:29
button_text,Operator 按钮文本,大小写转换,Case Conversion,ops\texteditor\texteditor_editing_tool.py:347
property_name,属性名,大小写转换模式,Case Conversion Mode,ops\texteditor\texteditor_editing_tool.py:356
property_desc,属性描述,如果为True，则仅应用到选中的元素；否则应用到全部,"If True, applies only to selected elements; otherwise applies to all",ops\view3d\view3d_mesh_attribute_tool.py:27
property_desc,属性描述,如果为True，则仅应用到选中的顶点；否则应用到全部,"If True, applies only to selected vertices; otherwise applies to all",ops\view3d\view3d_mesh_vertex_color_tool.py:70
draw_label,Panel 标签,如果你对开发blender插件及脚本开发感兴趣、或者在开发途中遇到了棘手的问题,If you are interested in Blender add-on/script development or hit tricky problems along the way,addon_prefs.py:57
property_desc,属性描述,如果顶点连接了锐边，则停止追踪,Stop tracing when a vertex connects to a sharp edge,ops\view3d\view3d_mesh_select_nonmanifold_edge_loop.py:102; ops\view3d\view3d_mesh_select_nonmanifold_edge_loop.py:239
button_text,Operator 按钮文本,字数统计,Word Count,menu\texteditor_mt.py:49; menu\texteditor_mt.py:49; ops\texteditor\texteditor_editing_tool.py:563
property_name,属性名,字符串,String,ops\view3d\view3d_mesh_attribute_tool.py:16
property_name,属性名,孤立顶点,Isolated Vertex,ops\view3d\view3d_mesh_topology_hud.py:128
button_text,Operator 按钮文本,官方库,Official Add-ons,addon_prefs.py:36; addon_prefs.py:36
button_text,Operator 按钮文本,实例解包为集合,Instance to Collection,menu\outliner_mt.py:19; menu\outliner_mt.py:19; ops\outliner\outliner_collection_instance.py:366
property_name,属性名,容差,Tolerance,ops\nodetree\nodetree_color_curve_tools.py:519
property_desc,属性描述,对角线劈开两三角面法线夹角大于阈值,Two triangles split by a diagonal whose normal angle exceeds the threshold,ops\view3d\view3d_mesh_topology_hud.py:154
button_text,Operator 按钮文本,对调隐藏,Toggle Hidden,ops\view3d\view3d_obj_toggle_hidden.py:8
property_desc,属性描述,对边匹配的严格程度,Strictness of edge matching,ops\view3d\view3d_mesh_select_ring_edges.py:249
property_desc,属性描述,对边匹配的严格程度，越大越严格,Strictness of edge matching; higher = stricter,ops\view3d\view3d_mesh_select_nonmanifold_face_loop.py:79; ops\view3d\view3d_mesh_select_nonmanifold_face_loop.py:402; ops\view3d\view3d_mesh_select_ring_edges.py:113; ops\view3d\view3d_mesh_select_ring_edges.py:149
button_text,Operator 按钮文本,对齐视图到面法线,Align View to Face Normal,ops\view3d\view3d_mesh_align_view_to_normal.py:90
button_text,Operator 按钮文本,导入,Import,ops\nodetree\nodetree_ramp_library.py:547
button_text,Operator 按钮文本,导入剪贴板图像为空物体,Import Clipboard Image as Empty,menu\view3d_mt.py:11; menu\view3d_mt.py:11
button_text,Operator 按钮文本,导入剪贴板图像到三维视口,Import Clipboard Image to 3D Viewport,ops\nodetree\nodetree_image_and_clipboard.py:89
button_text,Operator 按钮文本,导入剪贴板图像到节点视口,Import Clipboard Image to Node Editor,menu\nodetree_add_mt.py:21; menu\nodetree_add_mt.py:21; menu\nodetree_mt.py:29; menu\nodetree_mt.py:29; ops\nodetree\nodetree_image_and_clipboard.py:192
button_text,Operator 按钮文本,导入渐变库,Import Gradient Library,ops\nodetree\nodetree_ramp_library.py:406
button_text,Operator 按钮文本,导入网格,Import Mesh,ops\view3d\view3d_obj_import_lib_mesh.py:9
button_text,Operator 按钮文本,导出,Export,ops\nodetree\nodetree_ramp_library.py:548
button_text,Operator 按钮文本,导出渐变库,Export Gradient Library,ops\nodetree\nodetree_ramp_library.py:385
draw_label,Panel 标签,将剪贴板图像粘贴至节点组,Paste Clipboard Image to Node Group,ops\nodetree\nodetree_image_and_clipboard.py:287
button_text,Operator 按钮文本,小地图点击跳转,Minimap Click to Jump,ops\nodetree\nodetree_minimap_preview.py:244
button_text,Operator 按钮文本,就近正交,Nearest Orthographic,ops\view3d\view3d_obj_switch_to_nearest_orthogonal.py:30
property_desc,属性描述,展开/折叠标签白名单选择,Expand/collapse tag whitelist selection,ops\other\other_addon_pack.py:178
property_desc,属性描述,展开完整的注册信息设置项,Show full registration settings,ops\other\other_addon_pack.py:240
property_name,属性名,展开标签,Show Tags,ops\other\other_addon_pack.py:177
property_name,属性名,属性类型,Property Type,ops\view3d\view3d_obj_filter_batch_selector.py:76
report,报告消息,已分离并转换为曲线,Separated and converted to curve,ops\view3d\view3d_mesh_separate_edges_to_curve.py:39
report,报告消息,已切换为白底,Switched to white background,ops\view3d\view3d_obj_camera_background.py:52
report,报告消息,已切换为黑底,Switched to black background,ops\view3d\view3d_obj_camera_background.py:56
report,报告消息,已删除,Deleted,ops\nodetree\nodetree_ramp_library.py:377
report,报告消息,已删除采样点,Sample point deleted,ops\nodetree\nodetree_convert_image_to_gradient.py:743
report,报告消息,已去除行尾空白,Trailing spaces removed,ops\texteditor\texteditor_editing_tool.py:180
report,报告消息,已对选区内的行进行排序,Lines in selection sorted,ops\texteditor\texteditor_editing_tool.py:339
report,报告消息,已将所选文本转换为大写,Selected text converted to uppercase,ops\texteditor\texteditor_editing_tool.py:404; ops\texteditor\texteditor_editing_tool.py:412
report,报告消息,已将所选文本转换为大小写反转,Selected text case toggled,ops\texteditor\texteditor_editing_tool.py:410
report,报告消息,已将所选文本转换为小写,Selected text converted to lowercase,ops\texteditor\texteditor_editing_tool.py:406
report,报告消息,已将所选文本转换为首字母大写,Selected text converted to title case,ops\texteditor\texteditor_editing_tool.py:408
report,报告消息,已按视口方向反转法向,Normals flipped by viewport direction,ops\view3d\view3d_mesh_flip_normals_by_view.py:46
report,报告消息,已提取出所有可提取信息，请前往控制台查阅,All extractable info dumped; check the console,ops\other\other_developer_panel_picker.py:257; ops\other\other_developer_panel_picker.py:300
report,报告消息,已添加文件输出节点并完成连线,File output node added and connected,ops\nodetree\nodetree_compositor_add_output_node.py:57
report,报告消息,已清除相机背景,Camera background cleared,ops\view3d\view3d_obj_camera_background.py:63
report,报告消息,已移除空白行,Empty lines removed,ops\texteditor\texteditor_editing_tool.py:264
report,报告消息,已跳转至目标文件夹,Jumped to target folder,ops\filebrowser\filebrowser_jump_to_blender_folder.py:192
property_name,属性名,布尔值,Boolean,ops\view3d\view3d_mesh_attribute_tool.py:10
draw_label,Panel 标签,帮助致谢（按名称首字母排序）,Special Thanks (sorted by name),addon_prefs.py:74
button_text,Operator 按钮文本,平滑控制点,Smooth Control Points,menu\nodetree_mt.py:156; menu\nodetree_mt.py:156; ops\nodetree\nodetree_color_curve_tools.py:776
property_name,属性名,平滑系数,Smooth Factor,ops\nodetree\nodetree_color_curve_tools.py:781
property_name,属性名,平行系数,Parallel Coefficient,ops\view3d\view3d_mesh_select_nonmanifold_face_loop.py:79
button_text,Operator 按钮文本,并排边环选取设置,Edge Ring Selection Settings,ops\view3d\view3d_mesh_select_ring_edges.py:432
button_text,Operator 按钮文本,应用,Apply,ops\other\other_addon_filter.py:86; ops\other\other_addon_filter.py:154; ops\other\other_addon_filter.py:154
draw_label,Panel 标签,应用到通道:,Apply to Channels:,ops\nodetree\nodetree_color_curve_tools.py:149; ops\nodetree\nodetree_color_curve_tools.py:458; ops\nodetree\nodetree_color_curve_tools.py:673; ops\nodetree\nodetree_color_curve_tools.py:740; ops\nodetree\nodetree_color_curve_tools.py:805; ops\nodetree\nodetree_color_curve_tools.py:881
button_text,Operator 按钮文本,应用所有修改器,Apply All Modifiers,menu\blender_mt_custom.py:139; menu\blender_mt_custom.py:139; ops\view3d\view3d_obj_apply_all_modifiers.py:8
button_text,Operator 按钮文本,应用渐变预设,Apply Gradient Preset,ops\nodetree\nodetree_ramp_library.py:231
button_text,Operator 按钮文本,应用顶点颜色,Apply Vertex Color,ops\view3d\view3d_mesh_vertex_color_tool.py:64
button_text,Operator 按钮文本,应用预设,Apply Preset,menu\nodetree_mt.py:152; menu\nodetree_mt.py:152
property_name,属性名,延伸方向,Extend Direction,ops\view3d\view3d_mesh_select_nonmanifold_edge_loop.py:95
property_name,属性名,延伸步数,Extend Steps,ops\view3d\view3d_mesh_select_nonmanifold_edge_loop.py:92
property_name,属性名,延迟透明,Deferred Transparency,ops\other\other_deferred_transparent.py:25
button_text,Operator 按钮文本,开发者工具,Developer Tool,menu\developer_tools_pt.py:10
property_desc,属性描述,开启则钳制在0-1，关闭则超出的部分自动取余循环,"If on, clamp to 0-1; if off, wrap overflows with modulo",ops\nodetree\nodetree_color_curve_tools.py:715
draw_label,Panel 标签,开源世界的每一位行者，都不需要孤独行走，欢迎与我们汇聚，化为翻涌的江河！！,No open-source traveler walks alone — join us and become a surging river!!,addon_prefs.py:68
property_name,属性名,弃选 (M),Discard (M),ops\view3d\view3d_mesh_edge_loop_select.py:50
button_text,Operator 按钮文本,强制终止后台渲染,Kill Background Render,ops\other\other_background_render.py:232; ops\other\other_background_render.py:275
property_name,属性名,强度,Strength,ops\nodetree\nodetree_color_ramp_tools.py:369
button_text,Operator 按钮文本,归一散布,Normalize Spread,ops\nodetree\nodetree_color_ramp_tools.py:125
button_text,Operator 按钮文本,归一色标位置,Normalize Stop Positions,menu\nodetree_mt.py:115; menu\nodetree_mt.py:115
property_desc,属性描述,当使用活动物体作为坐标系或轴心时，不镜像复制活动物体本身,"When using the active object as coordinate system or pivot, do not mirror the active object itself",ops\view3d\view3d_obj_mirror.py:156
report,报告消息,当前 Blender 版本的 BMesh 不支持字符串层！,BMesh in this Blender version does not support string layers!,ops\view3d\view3d_mesh_attribute_tool.py:109
report,报告消息,当前场景没有活动相机！请先添加并设置一个活动相机。,No active camera in the scene! Add and set an active camera first.,ops\view3d\view3d_obj_camera_background.py:20
report,报告消息,当前已在顶层（无递归显示），无需跳转,"Already at top level (no recursion), no jump needed",ops\filebrowser\filebrowser_jump_to_blender_folder.py:89
report,报告消息,当前没有可导出的预设,No presets available to export,ops\nodetree\nodetree_ramp_library.py:393
draw_label,Panel 标签,很多功能受到了【Blender超级技术交流社】成员的启发或协助得以实现,Many features were inspired by or built with help from the Blender Super Tech Club,addon_prefs.py:52
button_text,Operator 按钮文本,循环/并排边扩选,Loop/Edge Ring Expand,ops\view3d\view3d_mesh_edge_loop_select.py:31
button_text,Operator 按钮文本,循环边选取设置,Loop Edge Selection Settings,ops\view3d\view3d_mesh_select_nonmanifold_edge_loop.py:411
button_text,Operator 按钮文本,循环面扩选,Face Loop Expand,ops\view3d\view3d_mesh_face_loop_select.py:20
button_text,Operator 按钮文本,循环面选取设置,Face Loop Selection Settings,ops\view3d\view3d_mesh_select_nonmanifold_face_loop.py:356
property_desc,属性描述,微微偏移面避免遮挡,Slightly offset faces to avoid z-fighting,ops\view3d\view3d_mesh_topology_hud.py:125
report,报告消息,必须在网格编辑模式下运行,Must run in mesh edit mode,ops\view3d\view3d_mesh_modal_weld.py:29
report,报告消息,快捷键已恢复默认（默认未启用）,Hotkeys restored to default (disabled by default),utils\keymap_utils.py:177
button_text,Operator 按钮文本,快速写入:,Quick Write:,ops\view3d\view3d_mesh_attribute_tool.py:148
button_text,Operator 按钮文本,快速导出活动节点,Quick Export Active Node,menu\nodetree_mt.py:48; menu\nodetree_mt.py:48
button_text,Operator 按钮文本,快速烘焙所选节点,Quick Bake Selected Nodes,menu\nodetree_mt.py:52; menu\nodetree_mt.py:52
button_text,Operator 按钮文本,快速烘焙活动节点,Quick Bake Active Node,menu\nodetree_mt.py:46; menu\nodetree_mt.py:46
draw_label,Panel 标签,快速生成,Quick Generate,ops\nodetree\nodetree_convert_image_to_gradient.py:280
report,报告消息,快速生成中,Generating...,ops\nodetree\nodetree_compositor_bake_node.py:166
button_text,Operator 按钮文本,快速生成输出节点,Quick Add Output Node,menu\nodetree_mt.py:45; menu\nodetree_mt.py:45
button_text,Operator 按钮文本,快速设置白色背景,Quick White Background,ops\view3d\view3d_obj_camera_background.py:74; ops\view3d\view3d_obj_camera_background.py:74
button_text,Operator 按钮文本,快速设置黑色背景,Quick Black Background,ops\view3d\view3d_obj_camera_background.py:76; ops\view3d\view3d_obj_camera_background.py:76
button_text,Operator 按钮文本,快速跳转,Quick Jump,ops\filebrowser\filebrowser_jump_to_active_folder.py:28
button_text,Operator 按钮文本,快速预览,Quick Preview,ops\view3d\view3d_mesh_vertex_group_stats.py:162; ops\view3d\view3d_mesh_vertex_group_stats.py:239; ops\view3d\view3d_mesh_vertex_group_stats.py:239
property_name,属性名,忽略大小写,Ignore Case,ops\view3d\view3d_mesh_filter_batch_selector.py:36
button_text,Operator 按钮文本,恢复默认快捷键,Restore Default Hotkeys,utils\keymap_utils.py:141; utils\keymap_utils.py:141; utils\keymap_utils.py:146
status_text,状态栏文本,悬浮预览 | 左键确定 | Shift加选 Ctrl减选 | 右键取消,Hover preview | LMB confirm | Shift add Ctrl subtract | RMB cancel,ops\view3d\view3d_mesh_select_ring_edges.py:290
draw_label,Panel 标签,感谢使用本插件,Thank you for using this add-on,addon_prefs.py:44
draw_label,Panel 标签,感谢每一位向RARA提出过意见的朋友们,Thanks to every friend who gave RARA feedback,addon_prefs.py:48
report,报告消息,成功从剪贴板导入图像到三维视口,Successfully imported clipboard image to 3D viewport,ops\nodetree\nodetree_image_and_clipboard.py:125
report,报告消息,成功复制所选筛查卡片,Successfully copied selected filter card,ops\view3d\view3d_obj_filter_batch_selector.py:167
report,报告消息,成功将剪贴板图像写入所选节点,Successfully wrote clipboard image to selected node,ops\nodetree\nodetree_image_and_clipboard.py:251
report,报告消息,成功将剪贴板图像粘贴进视口,Successfully pasted clipboard image into viewport,ops\nodetree\nodetree_image_and_clipboard.py:278
report,报告消息,成功极速粘贴并选中新元素,Successfully pasted and selected new elements,ops\view3d\view3d_obj_elements_clipboard.py:259
draw_label,Panel 标签,我们相信【提问本身就是贡献】，每一个被解答的问题，都能帮到所有后来者,We believe asking IS contributing; every answered question helps all who come after,addon_prefs.py:63
report,报告消息,所选节点不包含有效图像。,Selected nodes contain no valid image.,ops\nodetree\nodetree_preview_selected_image.py:155
report,报告消息,所选节点不包含输出口,Selected node has no output sockets,ops\nodetree\nodetree_shader_bake_node.py:189
report,报告消息,所选节点没有可用的输出端口,Selected node has no available output sockets,ops\nodetree\nodetree_compositor_add_output_node.py:29
property_desc,属性描述,所选边周围多大距离内的面会被选中参与焊接,Faces within this distance around selected edges are included in the weld,ops\view3d\view3d_mesh_edge_to_face.py:16
report,报告消息,所选边附近没有找到面,No faces found near the selected edges,ops\view3d\view3d_mesh_edge_to_face.py:59
button_text,Operator 按钮文本,打包为实例,Pack as Instance,menu\outliner_mt.py:18; menu\outliner_mt.py:18; ops\outliner\outliner_collection_instance.py:249
property_desc,属性描述,打包后文件保存的位置（自动记录，下次打开无需重复设置）,Where the packed file will be saved (auto-saved for next session),addon_prefs.py:140
property_desc,属性描述,打包实例或修改原点时的对齐方式,Alignment method when packing instances or adjusting origin,ops\outliner\outliner_collection_instance.py:21; ops\outliner\outliner_collection_instance.py:299
property_name,属性名,打包工具输出路径,Pack Output Path,addon_prefs.py:139
draw_label,Panel 标签,打包插件为发行包,Pack add-on into a release archive,menu\developer_tools_pt.py:27
property_desc,属性描述,打包时包含的相对路径列表（与排除模式互斥）,Relative paths to include when packing (mutually exclusive with exclude pattern),ops\other\other_addon_pack.py:237
property_desc,属性描述,打包时排除的文件模式（gitignore格式）,File patterns to exclude when packing (gitignore format),ops\other\other_addon_pack.py:233
property_desc,属性描述,打包时计算最小包围盒（OBB），自动旋转实例以匹配最佳边界,Compute minimal oriented bounding box (OBB) and auto-rotate instances to match best edges,ops\outliner\outliner_collection_instance.py:16
button_text,Operator 按钮文本,打印元素信息,Print Element Info,ops\other\other_developer_panel_picker.py:269
button_text,Operator 按钮文本,打开工程文件夹,Open Project Folder,menu\filebrowser_mt.py:22; menu\filebrowser_mt.py:22
property_name,属性名,打开或跳转,Open or Jump,ops\filebrowser\filebrowser_jump_to_blender_folder.py:134
button_text,Operator 按钮文本,打开所选文件夹,Open Selected Folder,menu\filebrowser_mt.py:20; menu\filebrowser_mt.py:20; ops\filebrowser\filebrowser_jump_to_blender_folder.py:48
button_text,Operator 按钮文本,打开控制台,Open Console,menu\developer_tools_pt.py:20; menu\developer_tools_pt.py:20
button_text,Operator 按钮文本,打开文件夹,Open Folder,menu\nodetree_mt.py:80; menu\nodetree_mt.py:80; ops\nodetree\nodetree_open_in_external_editor.py:242
button_text,Operator 按钮文本,打开输出文件夹,Open Output Folder,menu\filebrowser_mt.py:28; menu\filebrowser_mt.py:28
property_name,属性名,打开输出目录,Open Output Directory,ops\other\other_background_render.py:190
property_desc,属性描述,执行后创建渲染批处理文件,Create a render batch script after execution,ops\other\other_background_render.py:188
property_name,属性名,扩选方向,Expand Direction,ops\view3d\view3d_mesh_edge_loop_select.py:53
property_name,属性名,扩选次数,Expand Count,ops\view3d\view3d_mesh_edge_loop_select.py:46
property_name,属性名,扩选阶数,Expand Order,ops\view3d\view3d_mesh_custom_island_expand.py:41
button_text,Operator 按钮文本,批量处理修改器,Batch Process Modifiers,ops\view3d\view3d_obj_modifier_tools.py:24
button_text,Operator 按钮文本,批量处理修改器...,Batch Process Modifiers...,menu\blender_mt_custom.py:141; menu\blender_mt_custom.py:141
button_text,Operator 按钮文本,批量重命名,Batch Rename,ops\filebrowser\filebrowser_file_tools.py:19
button_text,Operator 按钮文本,拆分所选边为曲线,Separate Edges to Curve,ops\view3d\view3d_mesh_separate_edges_to_curve.py:8
button_text,Operator 按钮文本,拓扑 HUD 控制,Topology HUD Control,ops\view3d\view3d_mesh_topology_hud.py:698
button_text,Operator 按钮文本,拓扑 HUD 设置,Topology HUD Settings,ops\view3d\view3d_mesh_topology_hud.py:906
button_text,Operator 按钮文本,持续顶点融并,Continuous Vertex Weld,ops\view3d\view3d_mesh_modal_weld.py:16; ops\view3d\view3d_mesh_modal_weld.py:345
property_name,属性名,指定帧号,Frame Number,ops\other\other_background_render.py:176
property_desc,属性描述,指定要处理的顶点组,Specify which vertex group to process,ops\view3d\view3d_mesh_add_vertex_group.py:41
property_desc,属性描述,按正则表达式匹配名称。\n示例：\n^Chair_ 匹配以Chair_开头；\n_v\\d+$ 匹配结尾带_v1/_v2等版本号；\n(Lamp|Light) 匹配Lamp或Light,Match name by regex.\nExamples:\n^Chair_ matches names starting with Chair_;\n_v\\d+$ matches names ending with _v1/_v2 version tags;\n(Lamp|Light) matches Lamp or Light,ops\view3d\view3d_obj_filter_batch_selector.py:58
property_desc,属性描述,按正则表达式匹配顶点组名。示例：^hand 匹配以hand开头的组；(L|R)$ 匹配结尾为L或R的组,Match vertex group name by regex. e.g. ^hand matches groups starting with hand; (L|R)$ matches groups ending in L or R,ops\view3d\view3d_mesh_filter_batch_selector.py:39
property_desc,属性描述,按通配符匹配名称：*匹配任意字符，?匹配单个字符。\n示例：\nChair* 匹配以Chair开头；\n*_L* 匹配名称中带_L的；\nModel_?.blend 匹配Model_A.blend等,"Match name by wildcard: * = any chars, ? = one char.\nExamples:\nChair* matches names starting with Chair;\n*_L* matches names containing _L;\nModel_?.blend matches Model_A.blend etc",ops\view3d\view3d_obj_filter_batch_selector.py:62
property_desc,属性描述,按通配符匹配顶点组名：*任意字符，?单字符。示例：hand* 匹配以hand开头的组；*_L 匹配结尾为_L的组,"Match vertex group name by wildcard: * any chars, ? one char. e.g. hand* matches groups starting with hand; *_L matches groups ending in _L",ops\view3d\view3d_mesh_filter_batch_selector.py:43
property_name,属性名,排除模式,Exclude Pattern,ops\other\other_addon_pack.py:231
property_name,属性名,排除活动参考物体,Exclude Active Reference Object,ops\view3d\view3d_obj_mirror.py:155
property_name,属性名,控制台多语言修复 (Windows),Console Multilang Fix (Windows),addon_prefs.py:134
draw_label,Panel 标签,控制控制点,Control Points,ops\nodetree\nodetree_convert_image_to_gradient.py:269
property_name,属性名,控制柄类型,Handle Type,ops\nodetree\nodetree_color_curve_tools.py:850
report,报告消息,控制点已锁定,Control point locked,ops\nodetree\nodetree_convert_image_to_gradient.py:723
report,报告消息,控制点已锁定，无法拖动,Control point locked; cannot drag,ops\nodetree\nodetree_convert_image_to_gradient.py:845
draw_label,Panel 标签,提取blender面板详细信息,Extract detailed Blender panel information,menu\developer_tools_pt.py:23
button_text,Operator 按钮文本,提取面板,Extract Panel,ops\other\other_developer_panel_picker.py:527; ops\other\other_developer_panel_picker.py:527
report,报告消息,提示已显示,Tip displayed,ops\nodetree\nodetree_convert_image_to_gradient.py:778
property_name,属性名,插件ID,Plugin ID,ops\other\other_addon_pack.py:137
draw_label,Panel 标签,插件内置累计数百项对【原生功能】的【体验优化】及【功能延展】,The add-on contains hundreds of native-feature optimizations and extensions,addon_prefs.py:27
property_name,属性名,插件列表,Add-on List,ops\other\other_addon_filter.py:11
report,报告消息,插件初始化失败，请向开发者反馈,Addon initialization failed; please report to developer,ops\nodetree\nodetree_convert_image_to_gradient.py:663
property_name,属性名,插件名称,Plugin Name,ops\other\other_addon_pack.py:146
property_desc,属性描述,插件当前的版本号,Current plugin version,ops\other\other_addon_pack.py:162
property_desc,属性描述,插件所使用的开源许可证,Open-source license used by the plugin,ops\other\other_addon_pack.py:141
property_desc,属性描述,插件所支持的最低blender版本号,Minimum supported Blender version,ops\other\other_addon_pack.py:135
property_desc,属性描述,插件所支持的最高blender版本号,Maximum supported Blender version,ops\other\other_addon_pack.py:165
property_desc,属性描述,插件所用的ID，建议使用英文+下划线,Plugin ID; use English letters and underscores,ops\other\other_addon_pack.py:138
property_name,属性名,插件标签,Plugin Tags,ops\other\other_addon_pack.py:174; ops\other\other_addon_pack.py:572
property_name,属性名,插件标语,Plugin Tagline,ops\other\other_addon_pack.py:152
property_name,属性名,插件版本,Plugin Version,ops\other\other_addon_pack.py:161
property_desc,属性描述,插件的版权信息,Plugin copyright information,ops\other\other_addon_pack.py:172
property_desc,属性描述,插件的类型标签,Plugin category tags,ops\other\other_addon_pack.py:175
property_name,属性名,插件类型,Plugin Type,ops\other\other_addon_pack.py:156
property_name,属性名,插件网站,Plugin Website,ops\other\other_addon_pack.py:167
property_name,属性名,插件许可,Plugin License,ops\other\other_addon_pack.py:140
property_name,属性名,插件轮子,Wheels,ops\other\other_addon_pack.py:216
report,报告消息,插件重载完成,Addon reloaded,__init__.py:24
button_text,Operator 按钮文本,插入日期/时间,Insert Date/Time,ops\texteditor\texteditor_editing_tool.py:418
property_name,属性名,摄像头,Camera,ops\other\other_addon_pack.py:225
draw_label,Panel 标签,撤销记录、物理缓存、未使用材质槽、未使用数据,"Undo history, physics cache, unused material slots, unused data",ops\other\other_system_optimization.py:143
property_name,属性名,操作类型,Operation Type,ops\view3d\view3d_cursor_to_selected.py:164
draw_label,Panel 标签,"支持: sin, cos, tan, pi, e, abs, sqrt 等","Supports: sin, cos, tan, pi, e, abs, sqrt, etc.",ops\nodetree\nodetree_color_curve_tools.py:125
property_name,属性名,整数值,Integer,ops\view3d\view3d_mesh_attribute_tool.py:8
property_name,属性名,文件,Files,ops\other\other_addon_pack.py:219
draw_label,Panel 标签,文件浏览器界面，自动识别已打开的系统文件夹并显示跳转按钮至标题栏,File Browser: auto-detects open system folders and shows jump buttons in the header,addon_prefs.py:17
property_name,属性名,文件管理器标题栏显示,Show in File Browser Header,addon_prefs.py:122
draw_label,Panel 标签,文本行编辑,Text Line Editing,menu\texteditor_mt.py:40
report,报告消息,新建一张筛查卡片,Created a new filter card,ops\view3d\view3d_obj_filter_batch_selector.py:140
property_desc,属性描述,新建的顶点组名称,Name for the new vertex group,ops\view3d\view3d_mesh_add_vertex_group.py:43
button_text,Operator 按钮文本,新建相机到当前,New Camera at View,ops\view3d\view3d_obj_create_new_camera.py:27
property_name,属性名,新建类型,Create Type,ops\nodetree\nodetree_image_and_clipboard.py:130
property_name,属性名,新建顶点组,New Vertex Group,ops\view3d\view3d_mesh_add_vertex_group.py:43
button_text,Operator 按钮文本,旋转,Rotation,ops\view3d\view3d_parent_transform.py:221; ops\view3d\view3d_parent_transform.py:221
property_name,属性名,旋转模式,Rotation Mode,ops\view3d\view3d_cursor_to_selected.py:115
report,报告消息,无法从选中节点提取有效图像,Cannot extract valid image from selected nodes,ops\nodetree\nodetree_image_and_clipboard.py:315
report,报告消息,无法保存临时图像文件,Cannot save temporary image file,ops\nodetree\nodetree_open_in_external_editor.py:151
report,报告消息,无法创建文件夹,Cannot create folder,ops\filebrowser\filebrowser_jump_to_blender_folder.py:170
report,报告消息,无法在临时材质中找到对应节点,Cannot find matching node in temporary material,ops\nodetree\nodetree_shader_bake_node.py:281
report,报告消息,无法找到任何连接端点的路径！（可能属于不同的网格岛屿）,Cannot find any path connecting endpoints! (May belong to different mesh islands),ops\view3d\view3d_mesh_smart_close_loop.py:114
report,报告消息,无法获取有效的文件夹路径,Cannot get valid folder path,ops\filebrowser\filebrowser_file_tools.py:57; ops\filebrowser\filebrowser_file_tools.py:196
report,报告消息,无法获取有效路径,Cannot get valid path,ops\filebrowser\filebrowser_jump_to_blender_folder.py:59
report,报告消息,无法获取选中项的路径,Cannot get path of selected item,ops\filebrowser\filebrowser_jump_to_blender_folder.py:94
report,报告消息,无法获取面拐角颜色层！,Cannot get face corner color layer!,ops\view3d\view3d_mesh_vertex_color_tool.py:99; ops\view3d\view3d_mesh_vertex_color_tool.py:176
report,报告消息,无法获取面板类信息,Cannot get panel class info,ops\other\other_developer_panel_picker.py:249
report,报告消息,无法获取顶点颜色层！,Cannot get vertex color layer!,ops\view3d\view3d_mesh_vertex_color_tool.py:114; ops\view3d\view3d_mesh_vertex_color_tool.py:191
report,报告消息,无法解析文件编码,Cannot parse file encoding,ops\other\other_addon_pack.py:333
report,报告消息,无法识别元素类型,Cannot identify element type,ops\other\other_developer_panel_picker.py:295
draw_label,Panel 标签,无论你的经验是 10 年还是 10 天，好问题值得被认真回答，好方案值得被热烈讨论,"Whether your experience is 10 years or 10 days, good questions deserve good answers and good ideas deserve discussion",addon_prefs.py:65
property_name,属性名,无面边,Faces-Less Edge,ops\view3d\view3d_mesh_topology_hud.py:131
property_name,属性名,日期时间格式,Date/Time Format,ops\texteditor\texteditor_editing_tool.py:422
button_text,Operator 按钮文本,时间戳,Timestamp,menu\texteditor_mt.py:6
property_desc,属性描述,是否对多用户对象进行独立化处理，建议默认勾选,Whether to make multi-user objects single-user,ops\outliner\outliner_convert_empty_collection.py:33
property_desc,属性描述,是否对选中对象应用缩放，建议默认勾选,Whether to apply scale to selected objects,ops\outliner\outliner_convert_empty_collection.py:29
property_desc,属性描述,是否将计算结果强制钳制在 0 到 1 之间,Force clamp calculation results to 0-1 range,ops\nodetree\nodetree_color_curve_tools.py:88
property_name,属性名,是否应用缩放,Apply Scale,ops\outliner\outliner_convert_empty_collection.py:28
property_desc,属性描述,是否显示插件在文件管理器标题栏,Whether to show addon in file browser header,addon_prefs.py:122
property_desc,属性描述,是否自动刷新 Explorer 路径缓存,Whether to auto-refresh Explorer path cache,addon_prefs.py:120
property_name,属性名,是否自动独立化,Auto Make Single-User,ops\outliner\outliner_convert_empty_collection.py:32
property_desc,属性描述,是否覆盖该集合子项的可见性,Whether to override the visibility of this collection's children,ops\view3d\view3d_collection_visibility.py:45
property_name,属性名,显示debug功能,Show Debug,addon_prefs.py:117; addon_prefs.py:117; addon_prefs.py:163
button_text,Operator 按钮文本,显示工具信息,Show Tool Info,ops\other\other_developer_panel_picker.py:470; ops\other\other_developer_panel_picker.py:470
property_name,属性名,显示拓扑辅助HUD,Show Topology HUD,ops\view3d\view3d_mesh_topology_hud.py:122
button_text,Operator 按钮文本,显示按钮信息,Show Button Info,ops\other\other_developer_panel_picker.py:474; ops\other\other_developer_panel_picker.py:474
draw_label,Panel 标签,显示提示,Show Tips,ops\nodetree\nodetree_convert_image_to_gradient.py:285
button_text,Operator 按钮文本,显示菜单信息,Show Menu Info,ops\other\other_developer_panel_picker.py:477; ops\other\other_developer_panel_picker.py:477
button_text,Operator 按钮文本,显示说明书,Show Manual,ops\other\other_show_manual.py:9
property_name,属性名,显示附加项,Show Advanced,ops\other\other_addon_pack.py:239
property_name,属性名,显示隐藏文件,Show Hidden,ops\filebrowser\filebrowser_file_tools.py:186
button_text,Operator 按钮文本,智能闭合循环线 (多线段),Smart Close Loop (Multi-Segment),ops\view3d\view3d_mesh_smart_close_loop.py:49
button_text,Operator 按钮文本,智能顶点组,Smart Vertex Group,menu\blender_mt_custom.py:81; menu\blender_mt_custom.py:81; ops\view3d\view3d_mesh_add_vertex_group.py:25
draw_label,Panel 标签,暂不支持,Not supported yet,utils\keymap_utils.py:105; utils\keymap_utils.py:110
report,报告消息,暂未支持的选项,Option Not Yet Supported,ops\filebrowser\filebrowser_jump_to_blender_folder.py:162; ops\filebrowser\filebrowser_jump_to_blender_folder.py:194
button_text,Operator 按钮文本,曲线节点工具,Curve Node Tools,menu\nodetree_mt.py:133
button_text,Operator 按钮文本,更多网格,More Meshes,ops\view3d\view3d_obj_import_lib_mesh.py:100
button_text,Operator 按钮文本,更好的体验,Better Experience,menu\filebrowser_mt.py:12; menu\nodetree_add_mt.py:5; menu\nodetree_mt.py:15; menu\outliner_mt.py:5; menu\sequencer_mt.py:6; menu\texteditor_mt.py:23; menu\view3d_mt.py:5; menu\view3d_mt.py:16
button_text,Operator 按钮文本,更新链接,Update Links,addon_prefs.py:32; addon_prefs.py:32
property_name,属性名,替换为,Replace With,ops\filebrowser\filebrowser_file_tools.py:36
property_name,属性名,最低版本,Min Version,ops\other\other_addon_pack.py:134
property_name,属性名,最大,Maximum,ops\other\other_object_dye_tool.py:283
property_name,属性名,最大值,Maximum,ops\view3d\view3d_mesh_filter_batch_selector.py:29
property_name,属性名,最大深度,Max Depth,ops\filebrowser\filebrowser_file_tools.py:185
property_name,属性名,最大色,Max Color,ops\other\other_object_dye_tool.py:268
property_name,属性名,最大转向角,Max Turn Angle,ops\view3d\view3d_mesh_select_nonmanifold_edge_loop.py:87
property_name,属性名,最小,Minimum,ops\other\other_object_dye_tool.py:284
property_name,属性名,最小值,Minimum,ops\view3d\view3d_mesh_filter_batch_selector.py:28
property_name,属性名,最小色,Min Color,ops\other\other_object_dye_tool.py:271
property_name,属性名,最小间距,Minimum Spacing,ops\nodetree\nodetree_color_ramp_tools.py:225
property_name,属性名,最高版本,Max Version,ops\other\other_addon_pack.py:164
report,报告消息,未在文件中找到有效的渐变预设,No valid gradient presets found in the file,ops\nodetree\nodetree_ramp_library.py:436
report,报告消息,未在选中节点中找到任何图像对象,No image objects found in selected nodes,ops\nodetree\nodetree_open_in_external_editor.py:60; ops\nodetree\nodetree_open_in_external_editor.py:142
report,报告消息,未在选中节点中找到任何图像对象！,No image objects found in selected nodes!,ops\nodetree\nodetree_open_in_external_editor.py:215; ops\nodetree\nodetree_open_in_external_editor.py:260
draw_label,Panel 标签,未找到UV，将自动生成,"No UV Found, Will Auto-Generate",ops\nodetree\nodetree_shader_bake_node.py:175
report,报告消息,未找到分离的对象，请确保选中了边线,No separated objects found; ensure edges are selected,ops\view3d\view3d_mesh_separate_edges_to_curve.py:41
draw_label,Panel 标签,未找到历史记录,No history found,ops\nodetree\nodetree_ramp_library.py:508
report,报告消息,未找到活动节点,No active node found,ops\nodetree\nodetree_shader_bake_node.py:185
draw_label,Panel 标签,未找到渐变预设,Gradient preset not found,ops\nodetree\nodetree_ramp_library.py:510
report,报告消息,未找到生成的打包文件！请查看系统控制台了解详细错误,Pack file not found! Check system console for detailed errors,ops\other\other_addon_pack.py:109
report,报告消息,未找到节点树,No node tree found,ops\nodetree\nodetree_convert_image_to_gradient.py:594
report,报告消息,未找到预设,Preset not found,ops\nodetree\nodetree_ramp_library.py:359; ops\nodetree\nodetree_ramp_library.py:379
report,报告消息,未检测到bl_info，使用默认值（可手动修改）,No bl_info detected; using defaults (editable),ops\other\other_addon_pack.py:388
report,报告消息,未检测到有效交点,No valid intersections detected,ops\view3d\view3d_mesh_intersect_edges.py:125
report,报告消息,未粘贴任何物体,Nothing was pasted,ops\view3d\view3d_obj_elements_clipboard.py:181
draw_label,Panel 标签,未设置活动相机,No active camera set,ops\other\other_active_camera_dropdown.py:64
report,报告消息,未输入任何文本,No text entered,ops\texteditor\texteditor_editing_tool.py:512
report,报告消息,未选中任何元素,No elements selected,ops\view3d\view3d_cursor_to_selected.py:133
report,报告消息,未选中任何对象,No objects selected,ops\view3d\view3d_obj_mirror.py:207; ops\view3d\view3d_parent_transform.py:187
report,报告消息,未选中任何面,No faces selected,ops\view3d\view3d_mesh_reset_local_normals.py:31
report,报告消息,未选择有效的颜色渐变节点,No valid Color Ramp node selected,ops\nodetree\nodetree_ramp_library.py:317
report,报告消息,未采样任何点,No points sampled,ops\nodetree\nodetree_convert_image_to_gradient.py:589
draw_label,Panel 标签,本插件开源免费、致力于尽可能的提升您的blender使用体验,"This add-on is free and open-source, dedicated to improving your Blender experience",addon_prefs.py:51
draw_label,Panel 标签,本插件无主要面板，插件设计思路为：,This add-on has no main panel; its design philosophy:,addon_prefs.py:9
property_name,属性名,权重,Weight,ops\view3d\view3d_mesh_add_vertex_group.py:38; ops\view3d\view3d_mesh_add_vertex_group.py:132
property_name,属性名,材质,Material,ops\view3d\view3d_mesh_custom_island_expand.py:49
property_name,属性名,材质包含,Material Contains,ops\view3d\view3d_obj_filter_batch_selector.py:238
button_text,Operator 按钮文本,材质染色工具,Material Dye Tool,ops\other\other_material_dye_tool.py:115
draw_label,Panel 标签,条件：有关键帧对象,Condition: Has Keyframed Objects,ops\view3d\view3d_obj_filter_batch_selector.py:259
button_text,Operator 按钮文本,染色,Tint,ops\nodetree\nodetree_color_ramp_tools.py:421
property_name,属性名,染色系数,Tint Factor,ops\nodetree\nodetree_color_ramp_tools.py:426
property_name,属性名,染色颜色,Tint Color,ops\nodetree\nodetree_color_ramp_tools.py:425
property_name,属性名,查找,Find,ops\filebrowser\filebrowser_file_tools.py:35
property_name,属性名,查找距离,Search Distance,ops\view3d\view3d_mesh_edge_to_face.py:16
property_name,属性名,格式版本,Schema Version,ops\other\other_addon_pack.py:149
report,报告消息,检测到 blender_manifest.toml，优先使用其配置,blender_manifest.toml detected; using its config,ops\other\other_addon_pack.py:357
property_name,属性名,模式,Mode,ops\filebrowser\filebrowser_file_tools.py:26; ops\view3d\view3d_mesh_add_vertex_group.py:128
property_desc,属性描述,模式选择：跳过的面数,Mode: number of faces to skip,ops\view3d\view3d_mesh_face_loop_select.py:50
property_desc,属性描述,模式选择：连续选中的面数,Mode: number of faces selected in a row,ops\view3d\view3d_mesh_face_loop_select.py:46
report,报告消息,模态内撤销成功,Undo succeeded in modal,ops\view3d\view3d_mesh_modal_weld.py:133
report,报告消息,模态内重做成功,Redo succeeded in modal,ops\view3d\view3d_mesh_modal_weld.py:152
draw_label,Panel 标签,欢迎加入【blender超级技术交流社】！！这里有着数百位blender插件中文开发者！,Welcome to the Blender Super Tech Club!! Hundreds of Chinese Blender add-on developers!,addon_prefs.py:58
property_name,属性名,欧拉旋转,Euler Rotation,ops\view3d\view3d_cursor_to_selected.py:116
draw_label,Panel 标签,正则与通配符同时开启，通配符优先生效,"When both regex and wildcard are enabled, wildcard takes priority",ops\view3d\view3d_mesh_filter_batch_selector.py:277; ops\view3d\view3d_obj_filter_batch_selector.py:236; ops\view3d\view3d_obj_filter_batch_selector.py:244; ops\view3d\view3d_obj_filter_batch_selector.py:257; ops\view3d\view3d_obj_filter_batch_selector.py:270
button_text,Operator 按钮文本,正向堆叠,Stack Forward,ops\sequencer\sequencer_stack_simple.py:9
draw_label,Panel 标签,正在加载...,Loading...,ops\filebrowser\filebrowser_jump_to_active_folder.py:224
report,报告消息,正在查找打包文件...,Searching for pack file...,ops\other\other_addon_pack.py:87
property_desc,属性描述,正数向 DIR1 偏移选区，负数向 DIR2 偏移选区,"Positive shifts selection toward DIR1, negative toward DIR2",ops\view3d\view3d_mesh_face_loop_select.py:38
property_desc,属性描述,正数向一侧平移选区，负数向另一侧平移,"Positive shifts selection to one side, negative to the other",ops\view3d\view3d_mesh_face_loop_select.py:42
property_desc,属性描述,正数向外扩选，负数向内收缩，0为无操作,"Positive expands outward, negative shrinks inward, 0 = no-op",ops\view3d\view3d_mesh_custom_island_expand.py:41
property_desc,属性描述,正数向设定方向扩选，负数向反方向扩选，0不扩选,"Positive expands in the set direction, negative expands opposite, 0 = no expand",ops\view3d\view3d_mesh_face_loop_select.py:34
draw_label,Panel 标签,每一位用户，都令这个免费插件计划拥有更多意义,Every user gives this free add-on project more meaning,addon_prefs.py:47
property_name,属性名,每行列数,Columns Per Row,ops\nodetree\nodetree_ramp_library.py:458
property_name,属性名,每行数量,Items Per Row,ops\nodetree\nodetree_ramp_library.py:477
button_text,Operator 按钮文本,水平翻转,Flip Horizontal,menu\nodetree_mt.py:160; menu\nodetree_mt.py:160
report,报告消息,没有可压实的片段,No strips to compact,ops\sequencer\sequencer_compact_channels.py:20
report,报告消息,没有可染色的材质,No materials to dye,ops\other\other_material_dye_tool.py:83
report,报告消息,没有找到匹配的文件,No matching files found,ops\filebrowser\filebrowser_file_tools.py:135
report,报告消息,没有找到可划分的面域！,No partitionable face regions found!,ops\view3d\view3d_mesh_select_region_by_loop.py:98
report,报告消息,没有找到开放的端点！请确保选中了线段。,No open endpoints found! Ensure line segments are selected.,ops\view3d\view3d_mesh_smart_close_loop.py:69
report,报告消息,没有找到活动相机！,No active camera found!,ops\view3d\view3d_obj_camera_background.py:65
report,报告消息,没有更多撤销记录,No more undo steps,ops\view3d\view3d_mesh_modal_weld.py:135
report,报告消息,没有更多重做记录,No more redo steps,ops\view3d\view3d_mesh_modal_weld.py:154
report,报告消息,没有活动的文本数据块,No active text data block,ops\texteditor\texteditor_editing_tool.py:108; ops\texteditor\texteditor_editing_tool.py:196; ops\texteditor\texteditor_editing_tool.py:280; ops\texteditor\texteditor_editing_tool.py:378; ops\texteditor\texteditor_editing_tool.py:433; ops\texteditor\texteditor_editing_tool.py:506; ops\texteditor\texteditor_editing_tool.py:573
report,报告消息,没有活动的网格属性！,No active mesh attribute!,ops\view3d\view3d_mesh_attribute_tool.py:43
report,报告消息,没有活动的颜色属性层！,No active color attribute layer!,ops\view3d\view3d_mesh_vertex_color_tool.py:88; ops\view3d\view3d_mesh_vertex_color_tool.py:149
report,报告消息,没有激活的节点树,No active node tree,ops\nodetree\nodetree_image_to_environment_node.py:16
report,报告消息,没有符合条件的网格/曲线物体,No matching mesh/curve objects,ops\other\other_object_dye_tool.py:309
property_desc,属性描述,没有连接任何边的顶点,Vertex not connected to any edge,ops\view3d\view3d_mesh_topology_hud.py:128
property_desc,属性描述,没有连接任何面的边,Edge not connected to any face,ops\view3d\view3d_mesh_topology_hud.py:131
report,报告消息,没有选中活动节点,No active node selected,ops\nodetree\nodetree_developer_tool.py:13
report,报告消息,没有选中的网格对象需要修复。,No selected mesh objects need fixing.,ops\view3d\view3d_fix_applied_rotation.py:321; ops\view3d\view3d_fix_applied_rotation.py:380
report,报告消息,没有选中的节点,No nodes selected,ops\nodetree\nodetree_node_tools.py:14
property_desc,属性描述,沿 Ring 方向扩选的最大步数,Maximum steps to expand along the Ring direction,ops\view3d\view3d_mesh_select_ring_edges.py:107; ops\view3d\view3d_mesh_select_ring_edges.py:243
property_name,属性名,法向,Normal,ops\view3d\view3d_mesh_custom_island_expand.py:47
property_desc,属性描述,法向骤变边：一个边连接两个法向反向的面,Normal-flip edge: an edge connecting two faces with opposing normals,ops\view3d\view3d_mesh_custom_island_expand.py:47
report,报告消息,法线已通过属性域重置 (已避开锐边标记),Normals reset via attribute domain (avoided sharp edge marks),ops\view3d\view3d_mesh_reset_local_normals.py:78
property_name,属性名,法线突变面,Normal-Flip Face,ops\view3d\view3d_mesh_topology_hud.py:158
property_desc,属性描述,活动UV岛的边缘,Edges of the active UV island,ops\view3d\view3d_mesh_custom_island_expand.py:55
property_name,属性名,浮点值,Float,ops\view3d\view3d_mesh_attribute_tool.py:7
property_name,属性名,混合模式,Blend Mode,ops\view3d\view3d_mesh_vertex_color_tool.py:18
button_text,Operator 按钮文本,添加保护 (Alt解锁),Add Protection (Alt to Unlock),ops\outliner\outliner_empty_and_lock.py:8
button_text,Operator 按钮文本,添加卡片,Add Card,ops\view3d\view3d_mesh_filter_batch_selector.py:95; ops\view3d\view3d_mesh_filter_batch_selector.py:242; ops\view3d\view3d_obj_filter_batch_selector.py:120; ops\view3d\view3d_obj_filter_batch_selector.py:221; ops\view3d\view3d_obj_filter_batch_selector.py:221
draw_label,Panel 标签,添加控制点/采样点,Add Control/Sample Point,ops\nodetree\nodetree_convert_image_to_gradient.py:270
button_text,Operator 按钮文本,添加集合,Add Collection,ops\view3d\view3d_collection_visibility.py:54; ops\view3d\view3d_collection_visibility.py:119; ops\view3d\view3d_collection_visibility.py:119
button_text,Operator 按钮文本,清理/精简色标,Clean/Simplify Stops,ops\nodetree\nodetree_color_ramp_tools.py:210
button_text,Operator 按钮文本,清理空轨道,Clean Empty Channels,menu\sequencer_mt.py:20; menu\sequencer_mt.py:20
button_text,Operator 按钮文本,清理自定义法向,Clear Custom Normals,menu\blender_mt_custom.py:171; menu\blender_mt_custom.py:171
button_text,Operator 按钮文本,清理视图着色,Clear Viewport Shading,menu\blender_mt_custom.py:170; menu\blender_mt_custom.py:170; ops\view3d\view3d_obj_clear_viewport_shading.py:8
button_text,Operator 按钮文本,清理颜色,Clear Color,ops\other\other_material_dye_tool.py:32; ops\other\other_material_dye_tool.py:133; ops\other\other_material_dye_tool.py:133; ops\other\other_object_dye_tool.py:70; ops\other\other_object_dye_tool.py:354; ops\other\other_object_dye_tool.py:354
button_text,Operator 按钮文本,清空增量变换,Clear Delta Transform,ops\view3d\view3d_parent_transform.py:94
button_text,Operator 按钮文本,清除为空集合,Clear Empty Collections,menu\outliner_mt.py:15; menu\outliner_mt.py:15; ops\outliner\outliner_convert_empty_collection.py:219
button_text,Operator 按钮文本,清除无用空物体,Clear Useless Empties,menu\outliner_mt.py:16; menu\outliner_mt.py:16; ops\outliner\outliner_convert_empty_collection.py:239
button_text,Operator 按钮文本,渐变平滑,Gradient Smooth,menu\nodetree_mt.py:122; menu\nodetree_mt.py:122
button_text,Operator 按钮文本,渐变平滑/对比,Gradient Smooth/Contrast,ops\nodetree\nodetree_color_ramp_tools.py:310
button_text,Operator 按钮文本,渐变库,Gradient Library,menu\nodetree_mt.py:125; menu\nodetree_mt.py:125; ops\nodetree\nodetree_ramp_library.py:445; ops\nodetree\nodetree_ramp_library.py:473
button_text,Operator 按钮文本,渐变染色,Gradient Tint,menu\nodetree_mt.py:123; menu\nodetree_mt.py:123
button_text,Operator 按钮文本,渐变随机,Gradient Randomize,menu\nodetree_mt.py:121; menu\nodetree_mt.py:121
property_desc,属性描述,渲染完成后打开输出目录,Open the output directory after rendering,ops\other\other_background_render.py:190
property_name,属性名,渲染帧,Render Frame,ops\other\other_background_render.py:211
property_name,属性名,渲染类型,Render Type,ops\other\other_background_render.py:167
property_name,属性名,滑动偏移,Slide Offset,ops\view3d\view3d_mesh_edge_loop_select.py:47
property_name,属性名,点数量,Point Count,ops\nodetree\nodetree_color_curve_tools.py:91
draw_label,Panel 标签,点模式选点；边/面模式选全部顶点在组内的元素,Vertex mode picks vertices; edge/face modes pick elements whose vertices are all in the group,ops\view3d\view3d_mesh_filter_batch_selector.py:278
report,报告消息,烘焙失败，无法获取烘焙结果,Bake failed; cannot retrieve bake result,ops\nodetree\nodetree_shader_bake_node.py:330
property_name,属性名,烘焙时使用设备,Bake Device,ops\nodetree\nodetree_shader_bake_node.py:135
property_name,属性名,烘焙模式,Bake Mode,ops\nodetree\nodetree_shader_bake_node.py:149
button_text,Operator 按钮文本,烘焙节点,Bake Node,ops\nodetree\nodetree_shader_bake_node.py:125
property_name,属性名,烘焙输出口,Bake Output Socket,ops\nodetree\nodetree_shader_bake_node.py:131
button_text,Operator 按钮文本,焊接共面,Weld Coplanar,ops\view3d\view3d_mesh_weld_coplanar.py:12
report,报告消息,焊接共面完成（属性层丢失，已恢复全部可见）,"Coplanar weld done (attribute layer lost, restored all visibility)",ops\view3d\view3d_mesh_weld_coplanar.py:86
button_text,Operator 按钮文本,焊接边到面,Weld Edges to Faces,ops\view3d\view3d_mesh_edge_to_face.py:11
property_name,属性名,焊接阈值,Weld Threshold,ops\view3d\view3d_mesh_weld_verts_to_edges.py:26
button_text,Operator 按钮文本,焊接顶点到边,Weld Verts to Edges,ops\view3d\view3d_mesh_weld_verts_to_edges.py:21
button_text,Operator 按钮文本,父级变换,Parent Transform,ops\view3d\view3d_parent_transform.py:201; ops\view3d\view3d_parent_transform.py:245; ops\view3d\view3d_parent_transform.py:254
property_name,属性名,版权所有,Copyright,ops\other\other_addon_pack.py:170
button_text,Operator 按钮文本,物体染色工具,Object Dye Tool,ops\other\other_object_dye_tool.py:334
button_text,Operator 按钮文本,生成 manifest,Generate Manifest,menu\developer_tools_pt.py:30; menu\developer_tools_pt.py:30; ops\other\other_addon_pack.py:130
property_name,属性名,生成批处理文件,Generate Batch Script,ops\other\other_background_render.py:188
button_text,Operator 按钮文本,生成文件树,Generate File Tree,menu\filebrowser_mt.py:38; menu\filebrowser_mt.py:38; ops\filebrowser\filebrowser_file_tools.py:181
property_desc,属性描述,生成曲线的控制点数量,Number of control points for the generated curve,ops\nodetree\nodetree_color_curve_tools.py:92
draw_label,Panel 标签,生成渐变,Generate Gradient,ops\nodetree\nodetree_convert_image_to_gradient.py:273
property_desc,属性描述,用于格式化日期时间的字符串,Format string for date/time formatting,ops\texteditor\texteditor_editing_tool.py:423
draw_label,Panel 标签,用户致谢,User Thanks,addon_prefs.py:42
property_name,属性名,用烘焙结果替换节点,Replace Node with Bake Result,ops\nodetree\nodetree_shader_bake_node.py:136
report,报告消息,画面无变化或已秒出，直接固化,No change or already fast; applying directly,ops\nodetree\nodetree_compositor_bake_node.py:163
property_desc,属性描述,留空表示全平台支持,Leave empty for all-platform support,ops\other\other_addon_pack.py:214
property_name,属性名,目标数量,Target Count,ops\nodetree\nodetree_color_ramp_tools.py:148
property_name,属性名,目标点数,Target Points,ops\nodetree\nodetree_color_curve_tools.py:520
property_name,属性名,目标色,Target Color,ops\nodetree\nodetree_ramp_library.py:457
property_name,属性名,目标颜色,Target Color,ops\view3d\view3d_obj_filter_batch_selector.py:79
property_desc,属性描述,相交的两条边都在交点处打断，并融并为同一个顶点,Both intersecting edges are split at the intersection and merged into one vertex,ops\view3d\view3d_mesh_intersect_edges.py:77
draw_label,Panel 标签,相对于世界：无父级,Relative to World: No Parent,ops\view3d\view3d_parent_transform.py:214
property_desc,属性描述,相邻环边的方向偏差超过此值则停止,Stop when adjacent ring edge direction deviation exceeds this value,ops\view3d\view3d_mesh_select_ring_edges.py:110; ops\view3d\view3d_mesh_select_ring_edges.py:146; ops\view3d\view3d_mesh_select_ring_edges.py:246
property_desc,属性描述,相邻面法线夹角大于阈值的面,Face where the angle between adjacent face normals exceeds the threshold,ops\view3d\view3d_mesh_topology_hud.py:158
property_desc,属性描述,相邻面法线夹角超过此值则停止,Stop when the angle between adjacent face normals exceeds this value,ops\view3d\view3d_mesh_select_nonmanifold_face_loop.py:81; ops\view3d\view3d_mesh_select_nonmanifold_face_loop.py:404
property_name,属性名,着色依据,Colorize By,ops\other\other_object_dye_tool.py:261
draw_label,Panel 标签,社群招新,Community Recruitment,addon_prefs.py:55
button_text,Operator 按钮文本,移动游标到所选,Cursor to Selected,ops\view3d\view3d_cursor_to_selected.py:122
button_text,Operator 按钮文本,移除空白行,Remove Empty Lines,menu\texteditor_mt.py:42; menu\texteditor_mt.py:42; ops\texteditor\texteditor_editing_tool.py:186
button_text,Operator 按钮文本,空对象转集合,Empties to Collections,menu\outliner_mt.py:13; menu\outliner_mt.py:13; ops\outliner\outliner_convert_empty_collection.py:23
property_name,属性名,空物体线框 HUD,Empty Wireframe HUD,addon_prefs.py:125; ops\view3d\view3d_empty_wireframe.py:193; ops\view3d\view3d_empty_wireframe.py:275
report,报告消息,等待生成,Waiting to generate,ops\nodetree\nodetree_compositor_bake_node.py:160
button_text,Operator 按钮文本,等距色标位置,Equal Spacing Stops,menu\nodetree_mt.py:114; menu\nodetree_mt.py:114
property_name,属性名,筛查,Filter,ops\nodetree\nodetree_ramp_library.py:456
property_name,属性名,筛查模式,Filter Mode,ops\nodetree\nodetree_ramp_library.py:453
property_desc,属性描述,筛查目标颜色,Target color for filtering,ops\nodetree\nodetree_ramp_library.py:457
property_name,属性名,筛查规则,Filter Rule,ops\view3d\view3d_obj_filter_batch_selector.py:52
button_text,Operator 按钮文本,筛选式选取,Filter-Based Selection,menu\blender_mt_custom.py:191; menu\blender_mt_custom.py:191; menu\blender_mt_custom.py:197; menu\blender_mt_custom.py:197; ops\view3d\view3d_mesh_filter_batch_selector.py:595; ops\view3d\view3d_mesh_filter_batch_selector.py:595; ops\view3d\view3d_obj_filter_batch_selector.py:448; ops\view3d\view3d_obj_filter_batch_selector.py:448
property_name,属性名,筛选规则,Filter Rule,ops\view3d\view3d_mesh_filter_batch_selector.py:25
property_desc,属性描述,简短的插件介绍,A short plugin description,ops\other\other_addon_pack.py:153
button_text,Operator 按钮文本,管理游标快照,Manage Cursor Snapshot,ops\view3d\view3d_cursor_to_selected.py:154
property_name,属性名,类型,Type,ops\view3d\view3d_obj_filter_batch_selector.py:66
report,报告消息,类型不匹配！无法合并,Type mismatch! Cannot merge,ops\view3d\view3d_obj_elements_clipboard.py:191
button_text,Operator 按钮文本,粘贴元素并选中,Paste Elements and Select,ops\view3d\view3d_obj_elements_clipboard.py:144
draw_label,Panel 标签,粘贴到目标通道:,Paste to Target Channels:,ops\nodetree\nodetree_color_curve_tools.py:333
button_text,Operator 按钮文本,粘贴并合并,Paste and Merge,menu\view3d_mt.py:22; menu\view3d_mt.py:22
button_text,Operator 按钮文本,粘贴曲线,Paste Curve,menu\nodetree_mt.py:148; menu\nodetree_mt.py:148; ops\nodetree\nodetree_color_curve_tools.py:269
button_text,Operator 按钮文本,粘贴渐变,Paste Gradient,menu\nodetree_mt.py:111; menu\nodetree_mt.py:111; ops\nodetree\nodetree_color_ramp_tools.py:485
property_name,属性名,精确边界框计算,Precise Bounding Box,ops\outliner\outliner_collection_instance.py:10
button_text,Operator 按钮文本,精简控制点,Simplify Control Points,menu\nodetree_mt.py:153; menu\nodetree_mt.py:153
button_text,Operator 按钮文本,精简点,Simplify Points,ops\nodetree\nodetree_color_curve_tools.py:510
property_name,属性名,系数,Factor,ops\nodetree\nodetree_color_ramp_tools.py:314
property_name,属性名,系统平台,Platforms,ops\other\other_addon_pack.py:213
button_text,Operator 按钮文本,纹理节点工具,Texture Node Tools,menu\nodetree_mt.py:60
property_name,属性名,组合逻辑,Combination Logic,ops\view3d\view3d_mesh_filter_batch_selector.py:88
button_text,Operator 按钮文本,细分控制点,Subdivide Control Points,menu\nodetree_mt.py:154; menu\nodetree_mt.py:154; ops\nodetree\nodetree_color_curve_tools.py:646
property_name,属性名,细分等级,Subdivision Level,ops\nodetree\nodetree_color_curve_tools.py:650
property_name,属性名,结束帧,End Frame,ops\other\other_background_render.py:180; ops\other\other_background_render.py:215
property_name,属性名,结束帧≤,End Frame <=,ops\view3d\view3d_obj_filter_batch_selector.py:262
property_desc,属性描述,绘制时带遮挡关系,Draw with occlusion,ops\view3d\view3d_mesh_topology_hud.py:122; ops\view3d\view3d_mesh_topology_hud.py:124
property_name,属性名,绘制深度,Draw Depth,ops\view3d\view3d_mesh_topology_hud.py:124
property_desc,属性描述,给插件取一个朗朗上口的名称吧,Give the plugin a catchy name,ops\other\other_addon_pack.py:147
property_name,属性名,维护人员,Maintainer,ops\other\other_addon_pack.py:143
property_name,属性名,编号位数,Padding Digits,ops\filebrowser\filebrowser_file_tools.py:45
property_name,属性名,编辑模式,Edit Mode,ops\view3d\view3d_mesh_add_vertex_group.py:30
property_name,属性名,缝合边,Seam,ops\view3d\view3d_mesh_custom_island_expand.py:51; ops\view3d\view3d_mesh_custom_island_expand.py:51
button_text,Operator 按钮文本,缩放,Scale,ops\view3d\view3d_parent_transform.py:223; ops\view3d\view3d_parent_transform.py:223
report,报告消息,网格没有面，无法进行融并操作,Mesh has no faces; cannot weld,ops\view3d\view3d_mesh_modal_weld.py:50
button_text,Operator 按钮文本,网格边界框调整,Mesh Bounding Box Adjust,ops\view3d\view3d_edit_bbox.py:156
button_text,Operator 按钮文本,网格高级选择器,Mesh Advanced Selector,ops\view3d\view3d_mesh_filter_batch_selector.py:158
property_name,属性名,网络,Network,ops\other\other_addon_pack.py:221
draw_label,Panel 标签,群里没有【大佬/萌新】的身份标签，只有代码和逻辑说话,No master/beginner labels here — only code and logic speak,addon_prefs.py:64
button_text,Operator 按钮文本,翻转位置,Flip Positions,ops\nodetree\nodetree_color_ramp_tools.py:49
button_text,Operator 按钮文本,翻转色标位置,Flip Stop Positions,menu\nodetree_mt.py:113; menu\nodetree_mt.py:113
property_name,属性名,背景色,Background Color,ops\nodetree\nodetree_shader_bake_node.py:141
property_desc,属性描述,自动复用场景中已存在的同名材质和节点树,Auto-reuse existing materials and node trees with the same name in the scene,ops\view3d\view3d_obj_import_lib_mesh.py:20
property_name,属性名,自动更新,Auto Update,addon_prefs.py:120
button_text,Operator 按钮文本,自动查找并添加AOV,Auto Find & Add AOVs,ops\other\nodetree_aov_rescan.py:19
draw_label,Panel 标签,自动采样生成,Auto Sample Generation,ops\nodetree\nodetree_convert_image_to_gradient.py:281
button_text,Operator 按钮文本,自定义孤岛扩选,Custom Island Expand,menu\blender_mt_custom.py:39; menu\blender_mt_custom.py:39; ops\view3d\view3d_mesh_custom_island_expand.py:28
property_name,属性名,自定义路径,Custom Path,ops\other\other_background_render.py:185
property_desc,属性描述,自定义输出路径,Custom output path,ops\other\other_background_render.py:185
report,报告消息,色标最大支持32个，当前色标过多,Color ramp supports max 32 stops; too many currently,ops\nodetree\nodetree_color_ramp_tools.py:89
button_text,Operator 按钮文本,色标清理,Stop Cleanup,menu\nodetree_mt.py:119; menu\nodetree_mt.py:119
button_text,Operator 按钮文本,色标重采样,Stop Resample,menu\nodetree_mt.py:118; menu\nodetree_mt.py:118; ops\nodetree\nodetree_color_ramp_tools.py:144
report,报告消息,节点上未找到图像数据。,No image data found on node.,ops\nodetree\nodetree_preview_selected_image.py:151
property_name,属性名,节点包含,Node Contains,ops\view3d\view3d_obj_filter_batch_selector.py:264
draw_label,Panel 标签,节点编辑器界面，新增【图像】【渐变】【曲线】相关节点工具至标题栏,Node Editor: adds Image/Gradient/Curve tools to the header,addon_prefs.py:18
property_name,属性名,节点预览图,Node Minimap,addon_prefs.py:129; ops\nodetree\nodetree_minimap_preview.py:306
property_name,属性名,范围端点 A,Range Endpoint A,ops\nodetree\nodetree_color_ramp_tools.py:226
property_name,属性名,范围端点 B,Range Endpoint B,ops\nodetree\nodetree_color_ramp_tools.py:227
draw_label,Panel 标签,虚拟边界规则,Virtual Boundary Rules,ops\view3d\view3d_mesh_custom_island_expand.py:66
property_desc,属性描述,要应用的颜色,Color to apply,ops\view3d\view3d_mesh_vertex_color_tool.py:14
property_desc,属性描述,要打开的图像文件路径,Path to the image file to open,ops\nodetree\nodetree_open_in_external_editor.py:133
property_desc,属性描述,要渲染的帧编号,Frame number to render,ops\other\other_background_render.py:176
property_name,属性名,覆盖,Override,ops\view3d\view3d_collection_visibility.py:45
property_name,属性名,视口角度阈值,Viewport Angle Threshold,ops\view3d\view3d_mesh_filter_batch_selector.py:267
report,报告消息,视图已对齐到面法线,View aligned to face normal,ops\view3d\view3d_mesh_align_view_to_normal.py:203
property_name,属性名,角度比较,Angle Compare,ops\view3d\view3d_mesh_filter_batch_selector.py:47
property_name,属性名,角度阈值,Angle Threshold,ops\view3d\view3d_mesh_filter_batch_selector.py:33
property_name,属性名,角度限制,Angle Limit,ops\view3d\view3d_mesh_select_nonmanifold_face_loop.py:81
button_text,Operator 按钮文本,解散空物体组,Dissolve Empty Group,menu\outliner_mt.py:11; menu\outliner_mt.py:11; ops\outliner\outliner_create_empty_group.py:57
property_desc,属性描述,解释为何需要剪贴板访问权限（≤64字，不以标点结尾）,"Explain why clipboard access is needed (<=64 chars, no ending punctuation)",ops\other\other_addon_pack.py:224
property_desc,属性描述,解释为何需要摄像头访问权限（≤64字，不以标点结尾）,"Explain why camera access is needed (<=64 chars, no ending punctuation)",ops\other\other_addon_pack.py:226
property_desc,属性描述,解释为何需要文件系统访问权限（≤64字，不以标点结尾）,"Explain why filesystem access is needed (<=64 chars, no ending punctuation)",ops\other\other_addon_pack.py:220
property_desc,属性描述,解释为何需要网络访问权限（≤64字，不以标点结尾）,"Explain why network access is needed (<=64 chars, no ending punctuation)",ops\other\other_addon_pack.py:222
property_desc,属性描述,解释为何需要麦克风访问权限（≤64字，不以标点结尾）,"Explain why microphone access is needed (<=64 chars, no ending punctuation)",ops\other\other_addon_pack.py:228
button_text,Operator 按钮文本,设为视口原点,Set Viewport Origin,menu\blender_mt_custom.py:203; menu\blender_mt_custom.py:203
button_text,Operator 按钮文本,设父级色,Set Parent Color,ops\other\other_object_dye_tool.py:174; ops\other\other_object_dye_tool.py:358; ops\other\other_object_dye_tool.py:358
button_text,Operator 按钮文本,设置原点,Set Origin,ops\nodetree\nodetree_node_tools.py:7
property_desc,属性描述,设置处理顶点组的模式,Set mode for processing vertex groups,ops\view3d\view3d_mesh_add_vertex_group.py:31
property_desc,属性描述,设置批量处理所适用的修改器范围,Set the modifier scope for batch processing,ops\view3d\view3d_obj_modifier_tools.py:31
property_desc,属性描述,设置每行显示的图标数量,Set the number of icons shown per row,ops\nodetree\nodetree_ramp_library.py:458
button_text,Operator 按钮文本,设置相机背景,Set Camera Background,ops\view3d\view3d_obj_camera_background.py:43
button_text,Operator 按钮文本,设置预设,Set Preset,ops\nodetree\nodetree_color_curve_tools.py:52
button_text,Operator 按钮文本,设集合色,Set Collection Color,ops\other\other_object_dye_tool.py:148; ops\other\other_object_dye_tool.py:357; ops\other\other_object_dye_tool.py:357
report,报告消息,该顶点组为空,This vertex group is empty,ops\view3d\view3d_mesh_vertex_group_stats.py:188
draw_label,Panel 标签,详情功能介绍，请点击下方【功能介绍】按钮,"For detailed features, click the Feature Overview button below",addon_prefs.py:28
property_name,属性名,详细设置,Detail Settings,ops\nodetree\nodetree_ramp_library.py:450
report,报告消息,请先保存工程文件,Please Save Project File First,ops\filebrowser\filebrowser_jump_to_blender_folder.py:152
report,报告消息,请先在交互模式中点击目标边,Click a target edge in interactive mode first,ops\view3d\view3d_mesh_select_ring_edges.py:336
report,报告消息,请先选中一个网格物体,Select a mesh object first,ops\view3d\view3d_obj_visual_uv_projection.py:245
report,报告消息,请先选中一个节点,Please Select a Node First,ops\nodetree\nodetree_compositor_add_output_node.py:23
report,报告消息,请先选中要复制的元素,Select elements to copy first,ops\view3d\view3d_obj_elements_clipboard.py:68
report,报告消息,请先选中要焊接的面,Select faces to weld first,ops\view3d\view3d_mesh_weld_coplanar.py:37
report,报告消息,请先选择至少一个面,Select at least one face,ops\view3d\view3d_mesh_select_nonmanifold_face_loop.py:439
report,报告消息,请先选择至少一条边,Select at least one edge,ops\view3d\view3d_mesh_edge_to_face.py:36; ops\view3d\view3d_mesh_intersect_edges.py:115; ops\view3d\view3d_mesh_select_nonmanifold_edge_loop.py:158; ops\view3d\view3d_mesh_select_ring_edges.py:172
report,报告消息,请先选择节点,Please Select Nodes First,ops\nodetree\nodetree_image_to_environment_node.py:23
report,报告消息,请在3D视图的编辑模式下运行,Run in Edit Mode in the 3D Viewport,ops\view3d\view3d_mesh_select_face_region.py:114; ops\view3d\view3d_mesh_select_nonmanifold_edge_loop.py:267; ops\view3d\view3d_mesh_select_nonmanifold_face_loop.py:124; ops\view3d\view3d_mesh_select_ring_edges.py:279; ops\view3d\view3d_mesh_select_sharp_chain.py:154
report,报告消息,请在三维视图中运行,Run in the 3D Viewport,ops\view3d\view3d_mesh_align_view_to_normal.py:147
report,报告消息,请在文件浏览器中使用,Please Use in File Browser,ops\filebrowser\filebrowser_jump_to_blender_folder.py:54; ops\filebrowser\filebrowser_jump_to_blender_folder.py:84
draw_label,Panel 标签,请在此输入文本，支持多语言：,Enter Text Here (Multilingual):,ops\texteditor\texteditor_editing_tool.py:557
report,报告消息,请在物体模式下执行,Please Execute in Object Mode,ops\view3d\view3d_obj_apply_all_modifiers.py:23
report,报告消息,请在编辑模式下使用,Use in Edit Mode,ops\view3d\view3d_mesh_edge_loop_select.py:211; ops\view3d\view3d_mesh_face_loop_select.py:232
report,报告消息,请在网格编辑模式使用,Please Use in Edit Mesh Mode,ops\view3d\view3d_mesh_filter_batch_selector.py:177; ops\view3d\view3d_mesh_filter_batch_selector.py:483
report,报告消息,请在节点编辑器中运行,Please Run in Node Editor,ops\nodetree\nodetree_convert_image_to_gradient.py:657
report,报告消息,请在节点编辑器中运行此操作符。,Please Run This Operator in Node Editor.,ops\nodetree\nodetree_preview_selected_image.py:130
draw_label,Panel 标签,请知悉并确认是否继续？,Are You Sure You Want to Continue?,ops\other\other_system_optimization.py:146
draw_label,Panel 标签,请确保剪贴板存在图像数据,Ensure Clipboard Has Image Data,menu\nodetree_add_mt.py:19
report,报告消息,请至少保留一张筛查卡片,Please Keep at Least One Filter Card,ops\view3d\view3d_obj_filter_batch_selector.py:181
report,报告消息,请至少选中 2 组片段,Please Select at Least 2 Groups,ops\sequencer\sequencer_stack_simple.py:21; ops\sequencer\sequencer_stack_simple.py:50; ops\sequencer\sequencer_stack_strips.py:42; ops\sequencer\sequencer_swap_strips.py:23
report,报告消息,请至少选择一个面,Select at least one face,ops\view3d\view3d_mesh_face_loop_select.py:240
report,报告消息,请至少选择一条边,Select at least one edge,ops\view3d\view3d_mesh_edge_loop_select.py:218
draw_label,Panel 标签,请选中至少一个曲线节点,Select at Least One Curve Node,menu\nodetree_mt.py:144
report,报告消息,请选中至少一个集合实例,Select at least one collection instance,ops\outliner\outliner_collection_instance.py:326; ops\outliner\outliner_collection_instance.py:383
draw_label,Panel 标签,请选中至少一个颜色渐变条节点,Select at Least One Color Ramp Node,menu\nodetree_mt.py:107
report,报告消息,请选择一个图像节点。,Please Select an Image Node.,ops\nodetree\nodetree_preview_selected_image.py:138
report,报告消息,请选择一个带有输出端口的活动节点,Please Select an Active Node With Output Sockets,ops\nodetree\nodetree_compositor_bake_node.py:102
report,报告消息,请选择一个网格对象,Select a mesh object,ops\view3d\view3d_mesh_face_loop_select.py:228
report,报告消息,请选择带图像的节点,Please Select a Node With an Image,ops\nodetree\nodetree_convert_image_to_gradient.py:630; ops\nodetree\nodetree_convert_image_to_gradient.py:974
report,报告消息,请选择网格对象,Select a mesh object,ops\view3d\view3d_mesh_weld_coplanar.py:28
button_text,Operator 按钮文本,读取节点信息,Read Node Info,ops\nodetree\nodetree_developer_tool.py:7
draw_label,Panel 标签,调整画布,Adjust Canvas,ops\nodetree\nodetree_convert_image_to_gradient.py:272
property_name,属性名,起始帧,Start Frame,ops\other\other_background_render.py:178; ops\other\other_background_render.py:214
property_name,属性名,起始帧≥,Start Frame >=,ops\view3d\view3d_obj_filter_batch_selector.py:261
property_name,属性名,起始编号,Start Number,ops\filebrowser\filebrowser_file_tools.py:44
property_name,属性名,跳跃阈值,Jump Threshold,ops\view3d\view3d_mesh_select_nonmanifold_edge_loop.py:90
button_text,Operator 按钮文本,跳转到文件所在层级,Jump to File Location,menu\filebrowser_mt.py:18; menu\filebrowser_mt.py:18; ops\filebrowser\filebrowser_jump_to_blender_folder.py:78
button_text,Operator 按钮文本,跳转工程文件夹,Jump to Project Folder,menu\filebrowser_mt.py:25; menu\filebrowser_mt.py:25
button_text,Operator 按钮文本,跳转文件夹,Jump to Folder,ops\filebrowser\filebrowser_jump_to_blender_folder.py:130
button_text,Operator 按钮文本,跳转输出文件夹,Jump to Output Folder,menu\filebrowser_mt.py:31; menu\filebrowser_mt.py:31
button_text,Operator 按钮文本,转换,Convert,ops\nodetree\nodetree_image_to_environment_node.py:7
button_text,Operator 按钮文本,转换【图像/环境纹理】,Convert Image/Environment Texture,menu\nodetree_mt.py:85; menu\nodetree_mt.py:85
button_text,Operator 按钮文本,转换为大写,Convert to Uppercase,menu\texteditor_mt.py:30; menu\texteditor_mt.py:30
button_text,Operator 按钮文本,转换为小写,Convert to Lowercase,menu\texteditor_mt.py:32; menu\texteditor_mt.py:32
button_text,Operator 按钮文本,转换图像为渐变条,Convert Image to Gradient,menu\nodetree_mt.py:88; menu\nodetree_mt.py:88
button_text,Operator 按钮文本,转换控制点,Convert Control Points,menu\nodetree_mt.py:157; menu\nodetree_mt.py:157
button_text,Operator 按钮文本,转换类型,Convert Type,ops\nodetree\nodetree_color_curve_tools.py:845
property_name,属性名,轴向,Axis,ops\nodetree\nodetree_color_curve_tools.py:713
property_desc,属性描述,输入名称关键字进行筛查,Enter name keyword to filter,ops\nodetree\nodetree_ramp_library.py:456
property_desc,属性描述,"输入数学表达式，例如 sin(x*pi), x**2, 1-x 等","Enter a math expression, e.g. sin(x*pi), x**2, 1-x",ops\nodetree\nodetree_color_curve_tools.py:84
property_name,属性名,输入文本,Input Text,ops\texteditor\texteditor_editing_tool.py:474
property_desc,属性描述,输入集合名称,Enter collection name,ops\view3d\view3d_collection_visibility.py:43
property_desc,属性描述,边数量为三的面,Face with three edges,ops\view3d\view3d_mesh_topology_hud.py:134
property_desc,属性描述,边数量大于四的面,Face with more than four edges,ops\view3d\view3d_mesh_topology_hud.py:137
property_name,属性名,边数阈值,Edge Count Threshold,ops\view3d\view3d_mesh_topology_hud.py:152
property_name,属性名,边界混合,Blend Edges,ops\nodetree\nodetree_shader_bake_node.py:143
property_name,属性名,边界硬度,Edge Hardness,ops\nodetree\nodetree_shader_bake_node.py:144
property_name,属性名,边界边,Boundary Edge,ops\view3d\view3d_mesh_topology_hud.py:144
property_name,属性名,边类型,Edge Type,ops\view3d\view3d_mesh_filter_batch_selector.py:66
property_name,属性名,边缘点 (锐角),Sharp Corner Point,ops\view3d\view3d_mesh_topology_hud.py:140
property_name,属性名,边距,Margin,ops\nodetree\nodetree_shader_bake_node.py:132
property_name,属性名,过滤,Filter,ops\filebrowser\filebrowser_file_tools.py:48
property_name,属性名,近似阈值,Approx Tolerance,ops\view3d\view3d_obj_filter_batch_selector.py:82
draw_label,Panel 标签,这是自定义内容,Custom Content,ops\other\other_developer_panel_picker.py:234
property_name,属性名,连接边≤,Connected Edges <=,ops\view3d\view3d_mesh_filter_batch_selector.py:256
property_name,属性名,连接边≥,Connected Edges >=,ops\view3d\view3d_mesh_filter_batch_selector.py:255
property_name,属性名,迭代次数,Iterations,ops\nodetree\nodetree_color_ramp_tools.py:315
draw_label,Panel 标签,退出操作,Exit Operation,ops\nodetree\nodetree_convert_image_to_gradient.py:274
report,报告消息,退出融并模态,Exited weld mode,ops\view3d\view3d_mesh_modal_weld.py:161
button_text,Operator 按钮文本,选中相似颜色,Select Similar Color,ops\view3d\view3d_mesh_vertex_color_tool.py:131
button_text,Operator 按钮文本,选中颜色,Select Color,ops\view3d\view3d_mesh_vertex_color_tool.py:227; ops\view3d\view3d_mesh_vertex_color_tool.py:227
button_text,Operator 按钮文本,选区内行排序,Sort Lines in Selection,menu\texteditor_mt.py:43; menu\texteditor_mt.py:43; ops\texteditor\texteditor_editing_tool.py:270
property_name,属性名,选取 (N),Pick (N),ops\view3d\view3d_mesh_edge_loop_select.py:49
button_text,Operator 按钮文本,选择,Select,ops\view3d\view3d_mesh_topology_hud.py:925
button_text,Operator 按钮文本,选择并排边环（交互）,Select Edge Ring (Interactive),menu\view3d_nonmanifold_mt.py:12; menu\view3d_nonmanifold_mt.py:12; ops\view3d\view3d_mesh_select_ring_edges.py:223
button_text,Operator 按钮文本,选择并排边环（批处理）,Select Edge Ring (Batch),menu\view3d_nonmanifold_mt.py:11; menu\view3d_nonmanifold_mt.py:11; ops\view3d\view3d_mesh_select_ring_edges.py:124
property_desc,属性描述,选择循环面扩选的方向,Select the expansion direction for face loops,ops\view3d\view3d_mesh_face_loop_select.py:54
property_desc,属性描述,选择打开或跳转文件夹的模式,Choose to open or jump to folder,ops\filebrowser\filebrowser_jump_to_blender_folder.py:134; ops\filebrowser\filebrowser_jump_to_blender_folder.py:141
button_text,Operator 按钮文本,选择拓扑,Select Topology,ops\view3d\view3d_mesh_topology_hud.py:788
property_name,属性名,选择模式,Selection Mode,ops\view3d\view3d_mesh_edge_loop_select.py:40
property_name,属性名,选择相机,Select Camera,ops\other\other_active_camera_dropdown.py:69
button_text,Operator 按钮文本,选择空物体 Gizmo,Select Empty Gizmo,ops\view3d\view3d_empty_wireframe.py:97
property_name,属性名,选择范围,Selection Range,ops\view3d\view3d_obj_filter_batch_selector.py:104
property_desc,属性描述,选择要保存的文件格式,Choose the file format to save,ops\nodetree\nodetree_compositor_bake_node.py:56
property_desc,属性描述,选择要应用的曲线预设,Choose a curve preset to apply,ops\nodetree\nodetree_color_curve_tools.py:58
draw_label,Panel 标签,选择要提取的源通道:,Select Source Channel to Extract:,ops\nodetree\nodetree_color_curve_tools.py:340
draw_label,Panel 标签,选择要重置的通道:,Select Channels to Reset:,ops\nodetree\nodetree_color_curve_tools.py:611
property_desc,属性描述,选择进行镜像的轴向,Select the axis for mirroring,ops\view3d\view3d_obj_mirror.py:110
button_text,Operator 按钮文本,选择锐边/边界连续链,Select Sharp/Boundary Chain,menu\blender_mt_custom.py:32; menu\blender_mt_custom.py:32; ops\view3d\view3d_mesh_select_sharp_chain.py:80
property_desc,属性描述,选择镜像副本的类型,Select the type of mirrored copy,ops\view3d\view3d_obj_mirror.py:146
button_text,Operator 按钮文本,选择闭合区域,Select Enclosed Region,ops\view3d\view3d_mesh_select_region_by_loop.py:28
button_text,Operator 按钮文本,选择非流形循环边（交互）,Select Non-Manifold Loop Edge (Interactive),menu\view3d_nonmanifold_mt.py:15; menu\view3d_nonmanifold_mt.py:15; ops\view3d\view3d_mesh_select_nonmanifold_edge_loop.py:211
button_text,Operator 按钮文本,选择非流形循环边（批处理）,Select Non-Manifold Loop Edge (Batch),menu\view3d_nonmanifold_mt.py:14; menu\view3d_nonmanifold_mt.py:14; ops\view3d\view3d_mesh_select_nonmanifold_edge_loop.py:111
button_text,Operator 按钮文本,选择非流形循环面,Select Non-Manifold Loop Face,ops\view3d\view3d_mesh_select_nonmanifold_face_loop.py:95
button_text,Operator 按钮文本,选择非流形循环面（交互）,Select Non-Manifold Loop Face (Interactive),menu\view3d_nonmanifold_mt.py:18; menu\view3d_nonmanifold_mt.py:18
button_text,Operator 按钮文本,选择非流形循环面（批处理）,Select Non-Manifold Loop Face (Batch),menu\view3d_nonmanifold_mt.py:17; menu\view3d_nonmanifold_mt.py:17; ops\view3d\view3d_mesh_select_nonmanifold_face_loop.py:391
button_text,Operator 按钮文本,选择面区域（锐边分界）,Select Face Region (Sharp Boundary),menu\blender_mt_custom.py:29; menu\blender_mt_custom.py:29; ops\view3d\view3d_mesh_select_face_region.py:54
property_name,属性名,通道,Channel,ops\nodetree\nodetree_color_curve_tools.py:522
property_name,属性名,逻辑关系,Logic Relation,ops\view3d\view3d_obj_filter_batch_selector.py:114
property_desc,属性描述,遇到锐边时停止扩选,Stop expansion when hitting a sharp edge,ops\view3d\view3d_mesh_select_ring_edges.py:115; ops\view3d\view3d_mesh_select_ring_edges.py:151; ops\view3d\view3d_mesh_select_ring_edges.py:251
property_desc,属性描述,邻边大于阈值的点,Vertex where adjacent edge count exceeds the threshold,ops\view3d\view3d_mesh_topology_hud.py:150
property_desc,属性描述,邻边夹角小于阈值的顶点,Vertex where the angle between adjacent edges is below the threshold,ops\view3d\view3d_mesh_topology_hud.py:140
property_name,属性名,邻面≤,Adjacent Faces ≤,ops\view3d\view3d_mesh_filter_batch_selector.py:270
property_name,属性名,邻面≥,Adjacent Faces ≥,ops\view3d\view3d_mesh_filter_batch_selector.py:269
property_desc,属性描述,邻面大于2的边,Edge with more than 2 adjacent faces,ops\view3d\view3d_mesh_topology_hud.py:147
button_text,Operator 按钮文本,配置并开始后台渲染,Configure & Start Background Render,ops\other\other_background_render.py:270
property_name,属性名,采样数,Sample Count,ops\nodetree\nodetree_shader_bake_node.py:130
button_text,Operator 按钮文本,重命名文件夹,Rename Folder,menu\filebrowser_mt.py:37; menu\filebrowser_mt.py:37
button_text,Operator 按钮文本,重命名预设,Rename Preset,ops\nodetree\nodetree_ramp_library.py:333
button_text,Operator 按钮文本,重建缓存,Rebuild Cache,ops\filebrowser\filebrowser_jump_to_active_folder.py:68
button_text,Operator 按钮文本,重算矢量,Recompute Vectors,ops\view3d\view3d_mesh_reset_local_normals.py:10
button_text,Operator 按钮文本,重置通道,Reset Channel,menu\nodetree_mt.py:151; menu\nodetree_mt.py:151; ops\nodetree\nodetree_color_curve_tools.py:583
button_text,Operator 按钮文本,重载图像,Reload Image,menu\nodetree_mt.py:79; menu\nodetree_mt.py:79; ops\nodetree\nodetree_open_in_external_editor.py:194
button_text,Operator 按钮文本,重载子模块,Reload Submodules,__init__.py:17
property_name,属性名,钳制在 0-1,Clamp to 0-1,ops\nodetree\nodetree_color_curve_tools.py:715
property_name,属性名,钳制结果 (0-1),Clamp Result (0-1),ops\nodetree\nodetree_color_curve_tools.py:140
draw_label,Panel 标签,锁定控制点,Lock Control Point,ops\nodetree\nodetree_convert_image_to_gradient.py:282
property_name,属性名,锐点处停止,Stop at Sharp Corner,ops\view3d\view3d_mesh_select_nonmanifold_edge_loop.py:102
property_name,属性名,锐边,Sharp Edge,ops\view3d\view3d_mesh_custom_island_expand.py:53; ops\view3d\view3d_mesh_custom_island_expand.py:53
button_text,Operator 按钮文本,错位堆叠片段,Staggered Stack Strips,menu\sequencer_mt.py:17; menu\sequencer_mt.py:17
button_text,Operator 按钮文本,镜像物体,Mirror Object,menu\blender_mt_custom.py:132; menu\blender_mt_custom.py:132
property_name,属性名,镜像色标,Mirror Stops,ops\nodetree\nodetree_color_ramp_tools.py:82
property_name,属性名,镜像轴向,Mirror Axis,ops\view3d\view3d_obj_mirror.py:109
property_name,属性名,镜像轴心 (位置),Mirror Pivot (Location),ops\view3d\view3d_obj_mirror.py:133
button_text,Operator 按钮文本,镜像选中的物体对象,Mirror Selected Objects,ops\view3d\view3d_obj_mirror.py:104
property_name,属性名,长度≤,Length <=,ops\view3d\view3d_mesh_filter_batch_selector.py:250
property_name,属性名,长度≥,Length >=,ops\view3d\view3d_mesh_filter_batch_selector.py:249
draw_label,Panel 标签,间隔模式:,Interval Mode:,ops\view3d\view3d_mesh_edge_loop_select.py:87; ops\view3d\view3d_mesh_face_loop_select.py:88
property_name,属性名,阈值,Threshold,ops\view3d\view3d_mesh_vertex_color_tool.py:32; ops\view3d\view3d_mesh_vertex_color_tool.py:219
property_name,属性名,限制在 0-1 之间,Clamp Between 0 and 1,ops\nodetree\nodetree_color_curve_tools.py:87
button_text,Operator 按钮文本,随机控制点,Randomize Control Points,menu\nodetree_mt.py:155; menu\nodetree_mt.py:155; ops\nodetree\nodetree_color_curve_tools.py:709
button_text,Operator 按钮文本,随机渐变,Randomize Gradient,ops\nodetree\nodetree_color_ramp_tools.py:364
property_name,属性名,随机系数,Random Factor,ops\nodetree\nodetree_color_curve_tools.py:714
button_text,Operator 按钮文本,随机颜色,Random Color,ops\other\other_material_dye_tool.py:54; ops\other\other_material_dye_tool.py:134; ops\other\other_material_dye_tool.py:134; ops\other\other_object_dye_tool.py:92; ops\other\other_object_dye_tool.py:355; ops\other\other_object_dye_tool.py:355
button_text,Operator 按钮文本,集合可见性覆盖,Collection Visibility Override,ops\view3d\view3d_collection_visibility.py:87
report,报告消息,集合可见性驱动器已刷新,Collection visibility drivers refreshed,ops\view3d\view3d_collection_visibility.py:82
property_name,属性名,集合名,Collection Name,ops\view3d\view3d_collection_visibility.py:43
button_text,Operator 按钮文本,集合转空对象,Collections to Empties,menu\outliner_mt.py:14; menu\outliner_mt.py:14; ops\outliner\outliner_convert_empty_collection.py:140
property_name,属性名,非平面四边面,Non-Planar Quad,ops\view3d\view3d_mesh_topology_hud.py:154
button_text,Operator 按钮文本,非流形循环选取,Non-Manifold Loop Selection,menu\blender_mt_custom.py:19; menu\view3d_nonmanifold_mt.py:6
property_name,属性名,非流形边,Non-Manifold Edge,ops\view3d\view3d_mesh_topology_hud.py:147
property_name,属性名,面偏移,Face Offset,ops\view3d\view3d_mesh_topology_hud.py:125
button_text,Operator 按钮文本,面板提取,Panel Picker,menu\developer_tools_pt.py:24; menu\developer_tools_pt.py:24
button_text,Operator 按钮文本,面板提取器,Panel Extractor,ops\other\other_developer_panel_picker.py:123
property_name,属性名,面板选择,Panel Selection,addon_prefs.py:151
report,报告消息,面板选择模式已取消,Panel selection mode cancelled,ops\other\other_developer_panel_picker.py:132
report,报告消息,面板选择模式已激活，右键菜单已注册,Panel selection mode active; context menu registered,ops\other\other_developer_panel_picker.py:136
property_name,属性名,面积≤,Area <=,ops\view3d\view3d_mesh_filter_batch_selector.py:253
property_name,属性名,面积≥,Area >=,ops\view3d\view3d_mesh_filter_batch_selector.py:252
property_name,属性名,面边数≤,Face Edges <=,ops\view3d\view3d_mesh_filter_batch_selector.py:259
property_name,属性名,面边数≥,Face Edges >=,ops\view3d\view3d_mesh_filter_batch_selector.py:258
property_desc,属性描述,面边缘处的边（邻面为1的边）,Edge at the boundary of a face (edge with 1 adjacent face),ops\view3d\view3d_mesh_topology_hud.py:144
property_name,属性名,顶点≤,Vertices <=,ops\view3d\view3d_obj_filter_batch_selector.py:228
property_name,属性名,顶点≥,Vertices >=,ops\view3d\view3d_obj_filter_batch_selector.py:227
property_desc,属性描述,顶点与边的距离小于此阈值时进行焊接,Vertices are welded when their distance to an edge is below this threshold,ops\view3d\view3d_mesh_weld_verts_to_edges.py:29
property_desc,属性描述,顶点圆点的屏幕像素半径,Screen pixel radius of vertex dots,ops\view3d\view3d_mesh_topology_hud.py:126
button_text,Operator 按钮文本,顶点数量染色,Vertex Count Color,ops\other\other_object_dye_tool.py:253; ops\other\other_object_dye_tool.py:360; ops\other\other_object_dye_tool.py:360
property_name,属性名,顶点组,Vertex Group,ops\view3d\view3d_mesh_add_vertex_group.py:40; ops\view3d\view3d_mesh_add_vertex_group.py:121
property_name,属性名,顶点组关键词,Vertex Group Keyword,ops\view3d\view3d_mesh_filter_batch_selector.py:35; ops\view3d\view3d_mesh_filter_batch_selector.py:272
button_text,Operator 按钮文本,预览图像节点,Preview Image Node,menu\nodetree_mt.py:73; menu\nodetree_mt.py:73
button_text,Operator 按钮文本,预览图像节点（ESC 退出）,Preview Image Node (ESC to Exit),ops\nodetree\nodetree_preview_selected_image.py:12
property_name,属性名,预设名称,Preset Name,ops\other\other_addon_filter.py:10
property_name,属性名,预设类型,Preset Type,ops\nodetree\nodetree_color_curve_tools.py:57
property_name,属性名,颜色,Color,ops\view3d\view3d_mesh_topology_hud.py:129
property_desc,属性描述,颜色 RGB 距离阈值，0为完全一致,"RGB distance threshold for colors, 0 = exact match",ops\view3d\view3d_obj_filter_batch_selector.py:82
property_name,属性名,颜色值,Color Value,ops\view3d\view3d_mesh_attribute_tool.py:14
property_desc,属性描述,颜色匹配的容差阈值（0为完全一致，越大越宽松）,"Tolerance for color matching (0 = exact, larger = more lenient)",ops\view3d\view3d_mesh_vertex_color_tool.py:33
property_desc,属性描述,颜色应用的混合方式,Blend method for color application,ops\view3d\view3d_mesh_vertex_color_tool.py:19
property_name,属性名,颜色数量,Color Count,ops\other\other_material_dye_tool.py:62
button_text,Operator 按钮文本,颜色渐变工具,Color Ramp Tools,menu\nodetree_mt.py:96
draw_label,Panel 标签,飞尘增山，雾霭盈海，非常感谢您使用本插件,"Dust piles into mountains, mist gathers into oceans — thank you for using this add-on",addon_prefs.py:46
button_text,Operator 按钮文本,首字母大写,Capitalize First Letter,menu\texteditor_mt.py:34; menu\texteditor_mt.py:34
button_text,Operator 按钮文本,高级变换,Advanced Transform,menu\nodetree_mt.py:162; menu\nodetree_mt.py:162
property_name,属性名,麦克风,Microphone,ops\other\other_addon_pack.py:227
draw_label,Panel 标签,（当前未启用）,(currently disabled),utils\keymap_utils.py:74
